trace_id,pictureCaptured,type,start_time,end_time
1068dc3143ff17ced2fa5dc76595a2d9,2026-02-10 10:21:28.817960+00:00,analyze,2026-02-10 10:21:29.002925+00:00,2026-02-10T10:21:29.006133371Z
1068dc3143ff17ced2fa5dc76595a2d9,2026-02-10 10:21:28.817960+00:00,detect,2026-02-10 10:21:28.766614+00:00,2026-02-10T10:21:28.883278781Z
f1683843ea75acdbc26023588b330c91,2026-02-10 10:12:03.580332+00:00,analyze,2026-02-10 10:12:03.841590+00:00,2026-02-10T10:12:03.845029286Z
f1683843ea75acdbc26023588b330c91,2026-02-10 10:12:03.580332+00:00,detect,2026-02-10 10:12:03.487117+00:00,2026-02-10T10:12:03.662916751Z
1e22c4d365918258b3fc57b9bdcb8e83,2026-02-10 10:14:02.450643+00:00,analyze,2026-02-10 10:14:02.691909+00:00,2026-02-10T10:14:02.69631328Z
1e22c4d365918258b3fc57b9bdcb8e83,2026-02-10 10:14:02.450643+00:00,detect,2026-02-10 10:14:02.324536+00:00,2026-02-10T10:14:02.506930075Z
4ee7a101387c1ca2efce34688c2c87d1,2026-02-10 10:16:01.016525+00:00,analyze,2026-02-10 10:16:01.200763+00:00,2026-02-10T10:16:01.205367075Z
4ee7a101387c1ca2efce34688c2c87d1,2026-02-10 10:16:01.016525+00:00,detect,2026-02-10 10:16:00.902399+00:00,2026-02-10T10:16:01.047771209Z
4ee7a101387c1ca2efce34688c2c87d1,2026-02-10 10:16:01.016525+00:00,alarmOn,2026-02-10 10:16:01.220196+00:00,2026-02-10T10:16:01.220229995Z
d40a275172641a28d09b895b752b9b19,2026-02-10 10:21:29.897445+00:00,analyze,2026-02-10 10:21:30.083605+00:00,2026-02-10T10:21:30.086918691Z
d40a275172641a28d09b895b752b9b19,2026-02-10 10:21:29.897445+00:00,detect,2026-02-10 10:21:29.837527+00:00,2026-02-10T10:21:29.960046037Z
f01c3a2217a346dc5d1600138732864a,2026-02-10 10:19:30.347455+00:00,analyze,2026-02-10 10:19:30.537718+00:00,2026-02-10T10:19:30.541050307Z
f01c3a2217a346dc5d1600138732864a,2026-02-10 10:19:30.347455+00:00,detect,2026-02-10 10:19:30.285530+00:00,2026-02-10T10:19:30.408137231Z
7088fcc40c87e8f908576a804fa46714,2026-02-10 10:14:00.340805+00:00,analyze,2026-02-10 10:14:00.588823+00:00,2026-02-10T10:14:00.598598404Z
7088fcc40c87e8f908576a804fa46714,2026-02-10 10:14:00.340805+00:00,detect,2026-02-10 10:14:00.182511+00:00,2026-02-10T10:14:00.374603469Z
06ec7c7ed3d24fc7cba2539c16bf8424,2026-02-10 10:14:03.526216+00:00,analyze,2026-02-10 10:14:03.751699+00:00,2026-02-10T10:14:03.755616621Z
06ec7c7ed3d24fc7cba2539c16bf8424,2026-02-10 10:14:03.526216+00:00,detect,2026-02-10 10:14:03.369164+00:00,2026-02-10T10:14:03.558804536Z
30db0d9561b8b5e14e550c10f43e6e3b,2026-02-10 10:13:41.136001+00:00,analyze,2026-02-10 10:13:41.293861+00:00,2026-02-10T10:13:41.29889138Z
30db0d9561b8b5e14e550c10f43e6e3b,2026-02-10 10:13:41.136001+00:00,detect,2026-02-10 10:13:41.032561+00:00,2026-02-10T10:13:41.161607532Z
cf33e63db4a16f42a08194c3c9480fd1,2026-02-10 10:16:37.648625+00:00,analyze,2026-02-10 10:16:37.939769+00:00,2026-02-10T10:16:37.943555387Z
cf33e63db4a16f42a08194c3c9480fd1,2026-02-10 10:16:37.648625+00:00,detect,2026-02-10 10:16:37.458059+00:00,2026-02-10T10:16:37.695072597Z
bfc7a94458a0d88ce68012501b2974c8,2026-02-10 10:21:01.838019+00:00,analyze,2026-02-10 10:21:02.025531+00:00,2026-02-10T10:21:02.028891595Z
bfc7a94458a0d88ce68012501b2974c8,2026-02-10 10:21:01.838019+00:00,detect,2026-02-10 10:21:01.777021+00:00,2026-02-10T10:21:01.898491154Z
ee0568e18e642b37508c81624f879e0a,2026-02-10 10:13:34.776687+00:00,analyze,2026-02-10 10:13:34.988383+00:00,2026-02-10T10:13:34.993644708Z
ee0568e18e642b37508c81624f879e0a,2026-02-10 10:13:34.776687+00:00,detect,2026-02-10 10:13:34.650248+00:00,2026-02-10T10:13:34.807728981Z
652a4c7716b1ce506d2eff0e55829446,2026-02-10 10:12:02.529079+00:00,analyze,2026-02-10 10:12:02.686067+00:00,2026-02-10T10:12:02.689451585Z
652a4c7716b1ce506d2eff0e55829446,2026-02-10 10:12:02.529079+00:00,detect,2026-02-10 10:12:02.438452+00:00,2026-02-10T10:12:02.559435949Z
4fd1303effd56d6ece27d26d8a1dfb55,2026-02-10 10:18:20.358436+00:00,analyze,2026-02-10 10:18:20.550555+00:00,2026-02-10T10:18:20.553792133Z
4fd1303effd56d6ece27d26d8a1dfb55,2026-02-10 10:18:20.358436+00:00,detect,2026-02-10 10:18:20.303720+00:00,2026-02-10T10:18:20.424730751Z
fc1c382abf3737b06f62c08ad447c84a,2026-02-10 10:12:23.160509+00:00,analyze,2026-02-10 10:12:23.394510+00:00,2026-02-10T10:12:23.39772743Z
fc1c382abf3737b06f62c08ad447c84a,2026-02-10 10:12:23.160509+00:00,detect,2026-02-10 10:12:23.076219+00:00,2026-02-10T10:12:23.231916739Z
b83166e59c4062bc8365fb8dcd8e72ce,2026-02-10 10:19:57.277731+00:00,analyze,2026-02-10 10:19:57.456535+00:00,2026-02-10T10:19:57.459796681Z
b83166e59c4062bc8365fb8dcd8e72ce,2026-02-10 10:19:57.277731+00:00,detect,2026-02-10 10:19:57.213434+00:00,2026-02-10T10:19:57.334400982Z
ed17d01aaa45ed4896c7ae3b032e4789,2026-02-10 10:19:56.198125+00:00,analyze,2026-02-10 10:19:56.384588+00:00,2026-02-10T10:19:56.387956953Z
ed17d01aaa45ed4896c7ae3b032e4789,2026-02-10 10:19:56.198125+00:00,detect,2026-02-10 10:19:56.142811+00:00,2026-02-10T10:19:56.262370657Z
7aa14d2609800dce70cc7928d26b732e,2026-02-10 10:15:33.841128+00:00,analyze,2026-02-10 10:15:34.028605+00:00,2026-02-10T10:15:34.031957891Z
7aa14d2609800dce70cc7928d26b732e,2026-02-10 10:15:33.841128+00:00,detect,2026-02-10 10:15:33.785754+00:00,2026-02-10T10:15:33.902810002Z
3e0f656ca5b0d82fffbe41695666d92e,2026-02-10 10:17:58.648212+00:00,analyze,2026-02-10 10:17:58.842281+00:00,2026-02-10T10:17:58.845620205Z
3e0f656ca5b0d82fffbe41695666d92e,2026-02-10 10:17:58.648212+00:00,detect,2026-02-10 10:17:58.593336+00:00,2026-02-10T10:17:58.717275379Z
3e0f656ca5b0d82fffbe41695666d92e,2026-02-10 10:17:58.648212+00:00,alarmOn,2026-02-10 10:17:58.853007+00:00,2026-02-10T10:17:58.853021202Z
cd3468671ae1556080460933b586256d,2026-02-10 10:20:29.607197+00:00,analyze,2026-02-10 10:20:29.801968+00:00,2026-02-10T10:20:29.805399887Z
cd3468671ae1556080460933b586256d,2026-02-10 10:20:29.607197+00:00,detect,2026-02-10 10:20:29.544239+00:00,2026-02-10T10:20:29.669727583Z
6d573876ec25d38db4ce21fb335a53bc,2026-02-10 10:12:04.678702+00:00,analyze,2026-02-10 10:12:04.877393+00:00,2026-02-10T10:12:04.880954477Z
6d573876ec25d38db4ce21fb335a53bc,2026-02-10 10:12:04.678702+00:00,detect,2026-02-10 10:12:04.632455+00:00,2026-02-10T10:12:04.753303516Z
6d573876ec25d38db4ce21fb335a53bc,2026-02-10 10:12:04.678702+00:00,alarmOn,2026-02-10 10:12:04.916559+00:00,2026-02-10T10:12:04.916576169Z
d267b1f30c72dbeb3ca8075d2b76a007,2026-02-10 10:16:55.947897+00:00,analyze,2026-02-10 10:16:56.143083+00:00,2026-02-10T10:16:56.146023179Z
d267b1f30c72dbeb3ca8075d2b76a007,2026-02-10 10:16:55.947897+00:00,detect,2026-02-10 10:16:55.887546+00:00,2026-02-10T10:16:56.013150938Z
fd78f08f08139d15a844ce7bdc9468b5,2026-02-10 10:19:31.427599+00:00,analyze,2026-02-10 10:19:31.616648+00:00,2026-02-10T10:19:31.620049574Z
fd78f08f08139d15a844ce7bdc9468b5,2026-02-10 10:19:31.427599+00:00,detect,2026-02-10 10:19:31.362790+00:00,2026-02-10T10:19:31.489236295Z
fd78f08f08139d15a844ce7bdc9468b5,2026-02-10 10:19:31.427599+00:00,alarmOn,2026-02-10 10:19:31.627769+00:00,2026-02-10T10:19:31.627785167Z
9b38e2f535a421803c308dbb87aebd4c,2026-02-10 10:13:35.826185+00:00,analyze,2026-02-10 10:13:35.999835+00:00,2026-02-10T10:13:36.003274405Z
9b38e2f535a421803c308dbb87aebd4c,2026-02-10 10:13:35.826185+00:00,detect,2026-02-10 10:13:35.711914+00:00,2026-02-10T10:13:35.854819194Z
a22c63beb59a378cea9a744b5a0b9b45,2026-02-10 10:14:01.390371+00:00,analyze,2026-02-10 10:14:01.567671+00:00,2026-02-10T10:14:01.573298327Z
a22c63beb59a378cea9a744b5a0b9b45,2026-02-10 10:14:01.390371+00:00,detect,2026-02-10 10:14:01.292007+00:00,2026-02-10T10:14:01.429609334Z
632e5fdf8eff706c3316170cbeefecfc,2026-02-10 10:21:34.207740+00:00,analyze,2026-02-10 10:21:34.386681+00:00,2026-02-10T10:21:34.390073438Z
632e5fdf8eff706c3316170cbeefecfc,2026-02-10 10:21:34.207740+00:00,detect,2026-02-10 10:21:34.149077+00:00,2026-02-10T10:21:34.267692896Z
632e5fdf8eff706c3316170cbeefecfc,2026-02-10 10:21:34.207740+00:00,alarmOn,2026-02-10 10:21:34.397316+00:00,2026-02-10T10:21:34.397331132Z
45c6d405bc065b0140105d4e002434bb,2026-02-10 10:15:59.941064+00:00,analyze,2026-02-10 10:16:00.217273+00:00,2026-02-10T10:16:00.221936834Z
45c6d405bc065b0140105d4e002434bb,2026-02-10 10:15:59.941064+00:00,detect,2026-02-10 10:15:59.808137+00:00,2026-02-10T10:16:00.003678694Z
956b9de43a0d1695b46fdbe543a21699,2026-02-10 10:21:30.977237+00:00,analyze,2026-02-10 10:21:31.162620+00:00,2026-02-10T10:21:31.165854568Z
956b9de43a0d1695b46fdbe543a21699,2026-02-10 10:21:30.977237+00:00,detect,2026-02-10 10:21:30.910663+00:00,2026-02-10T10:21:31.036175563Z
402c8307184c27f638524c441f0143f6,2026-02-10 10:14:58.030243+00:00,analyze,2026-02-10 10:14:58.309003+00:00,2026-02-10T10:14:58.31551719Z
402c8307184c27f638524c441f0143f6,2026-02-10 10:14:58.030243+00:00,detect,2026-02-10 10:14:57.883368+00:00,2026-02-10T10:14:58.079830064Z
402c8307184c27f638524c441f0143f6,2026-02-10 10:14:58.030243+00:00,alarmOn,2026-02-10 10:14:58.342190+00:00,2026-02-10T10:14:58.342276347Z
4a42b0fbb39701fe154e7398cf33f04c,2026-02-10 10:17:57.587734+00:00,analyze,2026-02-10 10:17:57.758020+00:00,2026-02-10T10:17:57.76129389Z
4a42b0fbb39701fe154e7398cf33f04c,2026-02-10 10:17:57.587734+00:00,detect,2026-02-10 10:17:57.503848+00:00,2026-02-10T10:17:57.629485364Z
2981e24a86d330b3e0db5374e9e9f166,2026-02-10 10:11:44.491277+00:00,analyze,2026-02-10 10:11:44.675416+00:00,2026-02-10T10:11:44.678751068Z
2981e24a86d330b3e0db5374e9e9f166,2026-02-10 10:11:44.491277+00:00,detect,2026-02-10 10:11:44.404753+00:00,2026-02-10T10:11:44.537542523Z
64d9b47b88849fe8b4cad71cb275af7b,2026-02-10 10:11:37.019384+00:00,analyze,2026-02-10 10:11:37.379069+00:00,2026-02-10T10:11:37.387166124Z
64d9b47b88849fe8b4cad71cb275af7b,2026-02-10 10:11:37.019384+00:00,detect,2026-02-10 10:11:36.936145+00:00,2026-02-10T10:11:37.064546013Z
237d38d58135d62b1442facc71d0ea98,2026-02-10 10:13:36.866550+00:00,analyze,2026-02-10 10:13:37.035429+00:00,2026-02-10T10:13:37.03933887Z
237d38d58135d62b1442facc71d0ea98,2026-02-10 10:13:36.866550+00:00,detect,2026-02-10 10:13:36.760789+00:00,2026-02-10T10:13:36.896845444Z
aac652d7a89eaf5a4302768326492c66,2026-02-10 10:17:31.606195+00:00,analyze,2026-02-10 10:17:31.787294+00:00,2026-02-10T10:17:31.790774026Z
aac652d7a89eaf5a4302768326492c66,2026-02-10 10:17:31.606195+00:00,detect,2026-02-10 10:17:31.497928+00:00,2026-02-10T10:17:31.638085437Z
3ac36ec4c20ee8a9f7e61a447edff54a,2026-02-10 10:19:58.348056+00:00,analyze,2026-02-10 10:19:58.532599+00:00,2026-02-10T10:19:58.535896632Z
3ac36ec4c20ee8a9f7e61a447edff54a,2026-02-10 10:19:58.348056+00:00,detect,2026-02-10 10:19:58.289231+00:00,2026-02-10T10:19:58.407960793Z
3ac36ec4c20ee8a9f7e61a447edff54a,2026-02-10 10:19:58.348056+00:00,alarmOn,2026-02-10 10:19:58.543518+00:00,2026-02-10T10:19:58.543539554Z
f345a669983f669345215235d6a90703,2026-02-10 10:21:33.127540+00:00,analyze,2026-02-10 10:21:33.324870+00:00,2026-02-10T10:21:33.328172736Z
f345a669983f669345215235d6a90703,2026-02-10 10:21:33.127540+00:00,detect,2026-02-10 10:21:33.068533+00:00,2026-02-10T10:21:33.196466392Z
688bee4f419ad6682bc733277f4c2263,2026-02-10 10:15:39.281951+00:00,analyze,2026-02-10 10:15:39.571682+00:00,2026-02-10T10:15:39.576749922Z
688bee4f419ad6682bc733277f4c2263,2026-02-10 10:15:39.281951+00:00,detect,2026-02-10 10:15:39.135862+00:00,2026-02-10T10:15:39.349797045Z
688bee4f419ad6682bc733277f4c2263,2026-02-10 10:15:39.281951+00:00,alarmOn,2026-02-10 10:15:39.587313+00:00,2026-02-10T10:15:39.587330041Z
d364f8098ad55968b0bf14095c7abfb0,2026-02-10 10:11:43.428660+00:00,analyze,2026-02-10 10:11:43.674096+00:00,2026-02-10T10:11:43.681440574Z
d364f8098ad55968b0bf14095c7abfb0,2026-02-10 10:11:43.428660+00:00,detect,2026-02-10 10:11:43.296036+00:00,2026-02-10T10:11:43.476461319Z
dbf5553f92df533e086a0888da84a7dd,2026-02-10 10:15:34.921758+00:00,analyze,2026-02-10 10:15:35.191637+00:00,2026-02-10T10:15:35.195117669Z
dbf5553f92df533e086a0888da84a7dd,2026-02-10 10:15:34.921758+00:00,detect,2026-02-10 10:15:34.790032+00:00,2026-02-10T10:15:34.990358467Z
7684968772e142198d27f7f11a9d10ea,2026-02-10 10:17:32.657190+00:00,analyze,2026-02-10 10:17:32.851296+00:00,2026-02-10T10:17:32.854950621Z
7684968772e142198d27f7f11a9d10ea,2026-02-10 10:17:32.657190+00:00,detect,2026-02-10 10:17:32.603567+00:00,2026-02-10T10:17:32.726793207Z
7684968772e142198d27f7f11a9d10ea,2026-02-10 10:17:32.657190+00:00,alarmOn,2026-02-10 10:17:32.863425+00:00,2026-02-10T10:17:32.86344166Z
1de38e85fa0a4fb443c80e520a8039a5,2026-02-10 10:19:08.758237+00:00,detect,2026-02-10 10:19:08.705248+00:00,2026-02-10T10:19:08.826630628Z
a7ed2696583ea720ba10077814983cb9,2026-02-10 10:12:52.079713+00:00,detect,2026-02-10 10:12:51.968142+00:00,2026-02-10T10:12:52.127535157Z
521d024761303e69673fdae69da068ff,2026-02-10 10:21:03.987956+00:00,detect,2026-02-10 10:21:03.926727+00:00,2026-02-10T10:21:04.052556593Z
7dc92352d5534d37b4681d89cf396666,2026-02-10 10:14:10.949490+00:00,detect,2026-02-10 10:14:10.883905+00:00,2026-02-10T10:14:11.002196817Z
e0b1b2d23776e5304a2f4b4aa1d1b77d,2026-02-10 10:12:38.259804+00:00,detect,2026-02-10 10:12:38.180086+00:00,2026-02-10T10:12:38.304832403Z
4c32b40794cb7986895d115b80862a88,2026-02-10 10:14:06.696574+00:00,detect,2026-02-10 10:14:06.540875+00:00,2026-02-10T10:14:06.750963782Z
51290c8e2a9eb5b4372d5d2339876a34,2026-02-10 10:13:22.039047+00:00,detect,2026-02-10 10:13:21.976231+00:00,2026-02-10T10:13:22.098431952Z
78bec9f93b9279522bf1d10f930698d2,2026-02-10 10:19:22.777435+00:00,detect,2026-02-10 10:19:22.722656+00:00,2026-02-10T10:19:22.848061147Z
e3b7fda2fe60b4a3cb77ea35ff75d8b3,2026-02-10 10:15:55.668605+00:00,detect,2026-02-10 10:15:55.522037+00:00,2026-02-10T10:15:55.709508399Z
fc2f7b28d86d809f7e6efd74f47482eb,2026-02-10 10:20:43.647544+00:00,detect,2026-02-10 10:20:43.592186+00:00,2026-02-10T10:20:43.708043935Z
227f6b4ed990678ea9a318fc8add6276,2026-02-10 10:12:51.026599+00:00,detect,2026-02-10 10:12:50.936622+00:00,2026-02-10T10:12:51.06279506Z
049ef30eb772520f8f74b183db7b44eb,2026-02-10 10:20:47.937757+00:00,detect,2026-02-10 10:20:47.862195+00:00,2026-02-10T10:20:47.99270368Z
6be08ca3c8a064d06105336dc9fb55fb,2026-02-10 10:21:32.047584+00:00,detect,2026-02-10 10:21:31.985849+00:00,2026-02-10T10:21:32.105502546Z
084444f61c71e00106d06012ba977c2e,2026-02-10 10:16:36.557791+00:00,detect,2026-02-10 10:16:36.491258+00:00,2026-02-10T10:16:36.631216046Z
a3abbf1d039aa9a980f0cf0baecec456,2026-02-10 10:17:18.668227+00:00,detect,2026-02-10 10:17:18.617354+00:00,2026-02-10T10:17:18.738653386Z
527681ae66feb5fbddc448171f0c157c,2026-02-10 10:16:24.797321+00:00,detect,2026-02-10 10:16:24.716769+00:00,2026-02-10T10:16:24.86383824Z
be508eb0fa1aa6a397b539dff77632f3,2026-02-10 10:20:26.368085+00:00,detect,2026-02-10 10:20:26.304857+00:00,2026-02-10T10:20:26.430825492Z
0c57ebbe76a7ed66114a6b86c2a6b3c6,2026-02-10 10:15:56.732224+00:00,detect,2026-02-10 10:15:56.590875+00:00,2026-02-10T10:15:56.80004263Z
3265a11ce1ce2fd2a1ac6654994cb5ed,2026-02-10 10:16:57.028249+00:00,detect,2026-02-10 10:16:56.976915+00:00,2026-02-10T10:16:57.10452345Z
d9705b9084045c0e7a94a5b8c66f1a27,2026-02-10 10:20:53.307808+00:00,detect,2026-02-10 10:20:53.249736+00:00,2026-02-10T10:20:53.374353998Z
323f9710c55b660412c55300f07e710c,2026-02-10 10:20:51.147630+00:00,detect,2026-02-10 10:20:51.090999+00:00,2026-02-10T10:20:51.215157496Z
208f2b5ef5022a0ef4dd5a2dbff90e4e,2026-02-10 10:14:27.996870+00:00,detect,2026-02-10 10:14:27.834319+00:00,2026-02-10T10:14:28.027083739Z
c239760492ca30774bf3d680b9183b47,2026-02-10 10:20:36.057256+00:00,detect,2026-02-10 10:20:36.000457+00:00,2026-02-10T10:20:36.127260827Z
4ddd78fab8f27d0c8d5620831590d3b4,2026-02-10 10:20:19.958136+00:00,detect,2026-02-10 10:20:19.871450+00:00,2026-02-10T10:20:19.993954637Z
ce0e9941ee6307b8e3aefe5bf2c6913f,2026-02-10 10:20:56.516012+00:00,detect,2026-02-10 10:20:56.372343+00:00,2026-02-10T10:20:56.544292797Z
45cb45b9e689298e27fc3947c1921c08,2026-02-10 10:16:50.525782+00:00,detect,2026-02-10 10:16:50.468797+00:00,2026-02-10T10:16:50.588046801Z
317fff08d1abac75b9af354079357811,2026-02-10 10:17:19.757765+00:00,detect,2026-02-10 10:17:19.699290+00:00,2026-02-10T10:17:19.824010064Z
249d761fd8b50970e05f521410f57dfe,2026-02-10 10:21:06.147276+00:00,detect,2026-02-10 10:21:06.092450+00:00,2026-02-10T10:21:06.216284276Z
9e072de70330a1f581789858676fa5d7,2026-02-10 10:16:33.308063+00:00,detect,2026-02-10 10:16:33.243899+00:00,2026-02-10T10:16:33.368746097Z
326088ae29593648ce19d1c3474a7503,2026-02-10 10:20:15.697435+00:00,detect,2026-02-10 10:20:15.621128+00:00,2026-02-10T10:20:15.748039992Z
de79ed64bb6fda7a38c2547d14401e50,2026-02-10 10:19:17.418337+00:00,detect,2026-02-10 10:19:17.364255+00:00,2026-02-10T10:19:17.486352085Z
402c46d9eae6677893216f60fe9ebfb0,2026-02-10 10:18:52.647520+00:00,detect,2026-02-10 10:18:52.591945+00:00,2026-02-10T10:18:52.713457262Z
ad731e393c59c98b061f433eb3569af5,2026-02-10 10:16:41.888033+00:00,detect,2026-02-10 10:16:41.806949+00:00,2026-02-10T10:16:41.937204648Z
44e94d42859236de832c567dead300c2,2026-02-10 10:21:20.197256+00:00,detect,2026-02-10 10:21:20.139147+00:00,2026-02-10T10:21:20.262966278Z
d2953608f7cc84eecd888cde3b17729e,2026-02-10 10:15:24.143446+00:00,detect,2026-02-10 10:15:24.001061+00:00,2026-02-10T10:15:24.218357431Z
183491ea714c5af0de675d930465330d,2026-02-10 10:17:24.078289+00:00,detect,2026-02-10 10:17:24.011269+00:00,2026-02-10T10:17:24.137788571Z
2e37a974bad67e967d3572484c7177ea,2026-02-10 10:14:24.816236+00:00,detect,2026-02-10 10:14:24.709784+00:00,2026-02-10T10:14:24.844726925Z
0ed8e4a02e2c559bdb89d6ee654c9106,2026-02-10 10:14:47.235941+00:00,detect,2026-02-10 10:14:47.096753+00:00,2026-02-10T10:14:47.261408822Z
c1b03b685410a5a86c203a9955ea91e8,2026-02-10 10:13:31.636699+00:00,detect,2026-02-10 10:13:31.521382+00:00,2026-02-10T10:13:31.665778189Z
d2483e32d1260c56e042eec98fec66fd,2026-02-10 10:20:37.147318+00:00,detect,2026-02-10 10:20:37.087044+00:00,2026-02-10T10:20:37.217601328Z
b2eeb2138a9a6168d7b2fb966b17dc3e,2026-02-10 10:19:53.007319+00:00,detect,2026-02-10 10:19:52.930090+00:00,2026-02-10T10:19:53.056452453Z
a87a2890df1637dd62141ec5f54389f9,2026-02-10 10:12:41.500968+00:00,detect,2026-02-10 10:12:41.418617+00:00,2026-02-10T10:12:41.56025827Z
d2e14dc5002bfb97f4383d5b992ae23e,2026-02-10 10:12:55.249353+00:00,detect,2026-02-10 10:12:55.141689+00:00,2026-02-10T10:12:55.278414156Z
75ad329aeeeba9de6200f9592176be3f,2026-02-10 10:20:49.007266+00:00,detect,2026-02-10 10:20:48.928164+00:00,2026-02-10T10:20:49.055519916Z
8917efb878944a8d8851aeac07907253,2026-02-10 10:21:22.357627+00:00,detect,2026-02-10 10:21:22.303141+00:00,2026-02-10T10:21:22.421783199Z
9f514711eaf12f7fe4d2373926fe9b40,2026-02-10 10:18:40.857538+00:00,detect,2026-02-10 10:18:40.806838+00:00,2026-02-10T10:18:40.924597557Z
d77d9a9f27b88c5ffd0ca8c8df352146,2026-02-10 10:15:31.689845+00:00,detect,2026-02-10 10:15:31.605684+00:00,2026-02-10T10:15:31.746775695Z
8184bffeeef94e6764bad877bc09e7a7,2026-02-10 10:13:56.059231+00:00,detect,2026-02-10 10:13:56.006132+00:00,2026-02-10T10:13:56.132769025Z
dc1aff0e0f2888693cdc8cbe80c3325a,2026-02-10 10:18:58.018256+00:00,detect,2026-02-10 10:18:57.949073+00:00,2026-02-10T10:18:58.072890359Z
64e7f84fd016511a1c66c80c7756c82e,2026-02-10 10:19:12.007852+00:00,detect,2026-02-10 10:19:11.953102+00:00,2026-02-10T10:19:12.07579705Z
d5023bd3ad2ece4a356a1e7e1483a46f,2026-02-10 10:16:32.238875+00:00,detect,2026-02-10 10:16:32.162961+00:00,2026-02-10T10:16:32.292256991Z
ad91432f527846c397e9c22504652da4,2026-02-10 10:13:04.789418+00:00,detect,2026-02-10 10:13:04.741098+00:00,2026-02-10T10:13:04.879368185Z
5912f632825a77fb450e5ccb36d07350,2026-02-10 10:20:52.227830+00:00,detect,2026-02-10 10:20:52.167021+00:00,2026-02-10T10:20:52.287436709Z
b82377d28f194c13dd4003e364998d3b,2026-02-10 10:14:49.330685+00:00,detect,2026-02-10 10:14:49.246508+00:00,2026-02-10T10:14:49.391566304Z
57b1146982bc24a6b12b2cc5a4f40517,2026-02-10 10:12:47.877455+00:00,detect,2026-02-10 10:12:47.761352+00:00,2026-02-10T10:12:47.907967944Z
1119c6d287cd9cf5ba5ee96f89e0f8d5,2026-02-10 10:19:04.427444+00:00,detect,2026-02-10 10:19:04.373339+00:00,2026-02-10T10:19:04.497482735Z
3173f2b17781b6e82fb1db2734a8b686,2026-02-10 10:19:15.246265+00:00,detect,2026-02-10 10:19:15.188639+00:00,2026-02-10T10:19:15.313537796Z
1e3e8c0da3a06ae750da607103ed479f,2026-02-10 10:11:48.719594+00:00,detect,2026-02-10 10:11:48.626843+00:00,2026-02-10T10:11:48.756291313Z
85328e313d3d8740dd14e1ad08299ec9,2026-02-10 10:12:42.579320+00:00,detect,2026-02-10 10:12:42.509891+00:00,2026-02-10T10:12:42.637137669Z
87a719ef97d1a256d9eec54683dbe574,2026-02-10 10:15:14.422343+00:00,detect,2026-02-10 10:15:14.334600+00:00,2026-02-10T10:15:14.48889167Z
780ed0a3fcdf454e134d61376018e320,2026-02-10 10:21:13.727812+00:00,detect,2026-02-10 10:21:13.665651+00:00,2026-02-10T10:21:13.790546048Z
8a20907f819277286ab547bf59212841,2026-02-10 10:17:00.249605+00:00,detect,2026-02-10 10:17:00.196998+00:00,2026-02-10T10:17:00.322183058Z
ebde1e343404d019caf9378f51d0a480,2026-02-10 10:13:48.556265+00:00,detect,2026-02-10 10:13:48.446217+00:00,2026-02-10T10:13:48.586078508Z
a307905b3b270bc73516e1492ec53f74,2026-02-10 10:11:49.770154+00:00,detect,2026-02-10 10:11:49.608236+00:00,2026-02-10T10:11:49.80983777Z
8a3dde81294da4553573b90053522795,2026-02-10 10:12:24.250646+00:00,detect,2026-02-10 10:12:24.191005+00:00,2026-02-10T10:12:24.316497978Z
9183bf56821aa46e3c81c9ce11074313,2026-02-10 10:14:48.279225+00:00,detect,2026-02-10 10:14:48.085386+00:00,2026-02-10T10:14:48.309557056Z
ef2c715f2cd4a718869bd11e0e838e04,2026-02-10 10:13:40.058054+00:00,detect,2026-02-10 10:13:39.999559+00:00,2026-02-10T10:13:40.12178789Z
b56d7f37b72cb212c5dd850efd4b881e,2026-02-10 10:13:32.687353+00:00,detect,2026-02-10 10:13:32.598291+00:00,2026-02-10T10:13:32.722796034Z
a14662108fc90e39d27d3ed3fdafed48,2026-02-10 10:13:25.279087+00:00,detect,2026-02-10 10:13:25.213063+00:00,2026-02-10T10:13:25.344849414Z
36437950ce41f08af6d5e598d4e41398,2026-02-10 10:20:16.768317+00:00,detect,2026-02-10 10:20:16.703556+00:00,2026-02-10T10:20:16.821350307Z
4868c65708740fa80456581adc3172e5,2026-02-10 10:21:05.067419+00:00,detect,2026-02-10 10:21:05.009387+00:00,2026-02-10T10:21:05.136389012Z
46e4cc422f72f5e25fc197ae731966a3,2026-02-10 10:19:01.187622+00:00,detect,2026-02-10 10:19:01.116770+00:00,2026-02-10T10:19:01.238997073Z
842fe67da64c1bee406f5f5309bced08,2026-02-10 10:15:38.189878+00:00,detect,2026-02-10 10:15:38.103917+00:00,2026-02-10T10:15:38.264859699Z
a9607c1b798d9f5cbd4fe3432b8f76a3,2026-02-10 10:21:16.958176+00:00,detect,2026-02-10 10:21:16.901946+00:00,2026-02-10T10:21:17.026016783Z
fe7ec7892e22035fab69b89518bd1f93,2026-02-10 10:17:56.497707+00:00,detect,2026-02-10 10:17:56.444470+00:00,2026-02-10T10:17:56.566378625Z
161e36434f75ec721c101d4a4821522e,2026-02-10 10:11:39.181236+00:00,detect,2026-02-10 10:11:39.056145+00:00,2026-02-10T10:11:39.232452506Z
97865d7fb00b6de8e577800df63e7732,2026-02-10 10:18:21.437527+00:00,detect,2026-02-10 10:18:21.378126+00:00,2026-02-10T10:18:21.509443772Z
6859bdc02ba064431b590d96d53c6caf,2026-02-10 10:14:46.158629+00:00,detect,2026-02-10 10:14:45.989889+00:00,2026-02-10T10:14:46.22119156Z
c10b9b8908cc09f5979f5c83c7a93413,2026-02-10 10:13:27.436818+00:00,detect,2026-02-10 10:13:27.294763+00:00,2026-02-10T10:13:27.462842095Z
d15a7891e8b2c3fbd479f0666d9f8f16,2026-02-10 10:16:30.116879+00:00,detect,2026-02-10 10:16:30.033132+00:00,2026-02-10T10:16:30.161575199Z
3ab5d428fd8ee209d154f8839545fa3b,2026-02-10 10:18:33.267866+00:00,detect,2026-02-10 10:18:33.212822+00:00,2026-02-10T10:18:33.340299729Z
d26106ea458a0f2b1ad7e9c78bf98b65,2026-02-10 10:14:16.309593+00:00,detect,2026-02-10 10:14:16.218852+00:00,2026-02-10T10:14:16.363732366Z
9e3380664d74a31aee47aec47b97d341,2026-02-10 10:16:25.875771+00:00,detect,2026-02-10 10:16:25.779880+00:00,2026-02-10T10:16:25.90861997Z
57c27ccd93428b8e138be7acd005dd84,2026-02-10 10:15:58.858677+00:00,detect,2026-02-10 10:15:58.800134+00:00,2026-02-10T10:15:58.920372104Z
5cf8ae6e7c57f8a77434883cbe8ea932,2026-02-10 10:14:32.258149+00:00,detect,2026-02-10 10:14:32.168677+00:00,2026-02-10T10:14:32.317374188Z
2d92548d71daf46501fb615bf7530d1f,2026-02-10 10:13:10.229231+00:00,detect,2026-02-10 10:13:10.171773+00:00,2026-02-10T10:13:10.296978322Z
d6559d819ff05b04306a67e4b6174516,2026-02-10 10:13:01.558801+00:00,detect,2026-02-10 10:13:01.479235+00:00,2026-02-10T10:13:01.61527052Z
39f28e3cc03ec17650f298c0ec1bb699,2026-02-10 10:19:03.347413+00:00,detect,2026-02-10 10:19:03.289511+00:00,2026-02-10T10:19:03.415261598Z
80631c29c69c0d264963024214781197,2026-02-10 10:16:23.730475+00:00,detect,2026-02-10 10:16:23.619866+00:00,2026-02-10T10:16:23.779453538Z
2935c2acc93ab5898b7d560fc6403d28,2026-02-10 10:13:37.918278+00:00,detect,2026-02-10 10:13:37.855188+00:00,2026-02-10T10:13:37.974452832Z
b6b70e3b7d440694727828bf51ac71ce,2026-02-10 10:20:23.157081+00:00,detect,2026-02-10 10:20:23.096275+00:00,2026-02-10T10:20:23.222760176Z
be78e945e760b2f00281faa437f14140,2026-02-10 10:17:25.157517+00:00,detect,2026-02-10 10:17:25.102921+00:00,2026-02-10T10:17:25.22373176Z
2ca82f65122c500219068a646a43ba1b,2026-02-10 10:17:03.517563+00:00,detect,2026-02-10 10:17:03.464174+00:00,2026-02-10T10:17:03.587887808Z
a95f3f1709679ea8ca85282a4d858248,2026-02-10 10:13:09.148638+00:00,detect,2026-02-10 10:13:09.077681+00:00,2026-02-10T10:13:09.214244393Z
dc8b7228574c3e85640eb5c5b72f3fc9,2026-02-10 10:14:18.428267+00:00,detect,2026-02-10 10:14:18.355497+00:00,2026-02-10T10:14:18.485565037Z
0ea75a52fef52ad807bdcbc0216d0654,2026-02-10 10:13:52.819002+00:00,detect,2026-02-10 10:13:52.746256+00:00,2026-02-10T10:13:52.91157669Z
9120c3d6c2b587a767501e018a954708,2026-02-10 10:19:13.088126+00:00,detect,2026-02-10 10:19:13.021228+00:00,2026-02-10T10:19:13.151362783Z
ecceaa7d5f427745682059a8bdcf04ca,2026-02-10 10:14:45.106744+00:00,detect,2026-02-10 10:14:45.015255+00:00,2026-02-10T10:14:45.136496736Z
3e9b1a8beab3df06c38b80f7697e53c9,2026-02-10 10:20:14.648133+00:00,detect,2026-02-10 10:20:14.558271+00:00,2026-02-10T10:20:14.681176358Z
29b5e1435afdc06923095a1b434fed51,2026-02-10 10:18:22.528216+00:00,detect,2026-02-10 10:18:22.452291+00:00,2026-02-10T10:18:22.574731539Z
40479d04ff370ba8c58000c4c382f268,2026-02-10 10:14:54.778259+00:00,detect,2026-02-10 10:14:54.704151+00:00,2026-02-10T10:14:54.826351203Z
338b6251d56202b9d08a69d75a916dff,2026-02-10 10:17:05.698160+00:00,detect,2026-02-10 10:17:05.640067+00:00,2026-02-10T10:17:05.765654759Z
8f552b49d03a81eaa64218ddede6fee6,2026-02-10 10:16:16.244994+00:00,detect,2026-02-10 10:16:16.147075+00:00,2026-02-10T10:16:16.331075674Z
94710a6d467a5db91297fd45a907bcda,2026-02-10 10:12:45.786712+00:00,detect,2026-02-10 10:12:45.640999+00:00,2026-02-10T10:12:45.817561097Z
62addfbbdbd6206940b5ddb3571006ed,2026-02-10 10:19:54.067505+00:00,detect,2026-02-10 10:19:53.995764+00:00,2026-02-10T10:19:54.113582119Z
11d84a7e1dd565c2a36c8361bb20779c,2026-02-10 10:19:18.498183+00:00,detect,2026-02-10 10:19:18.438356+00:00,2026-02-10T10:19:18.56326569Z
3044cd16b5edd01f51342c49ed2b7b56,2026-02-10 10:19:24.947590+00:00,detect,2026-02-10 10:19:24.889473+00:00,2026-02-10T10:19:25.009435591Z
f5282c3715d35127b3a4666ad02e682b,2026-02-10 10:14:22.678667+00:00,detect,2026-02-10 10:14:22.599389+00:00,2026-02-10T10:14:22.735022266Z
88d64e41b0a11d5ad21f45ec4b2578de,2026-02-10 10:13:16.678654+00:00,detect,2026-02-10 10:13:16.607188+00:00,2026-02-10T10:13:16.7333893Z
3eb9ef6251d223f9a8a54e5a547c270d,2026-02-10 10:20:46.887434+00:00,detect,2026-02-10 10:20:46.802340+00:00,2026-02-10T10:20:46.918556446Z
ccef094f8fe6bf388acadf2cbbbb9f41,2026-02-10 10:18:17.097865+00:00,detect,2026-02-10 10:18:17.041753+00:00,2026-02-10T10:18:17.167164265Z
b453696211d3241b277e8eb772c76dfa,2026-02-10 10:17:30.538624+00:00,detect,2026-02-10 10:17:30.468320+00:00,2026-02-10T10:17:30.591411308Z
a4955152f7eb05933dc4e5648618b2c1,2026-02-10 10:19:51.947723+00:00,detect,2026-02-10 10:19:51.871265+00:00,2026-02-10T10:19:51.993363399Z
4ba93209d53f4a5ba432bbf5a79d3043,2026-02-10 10:13:13.469280+00:00,detect,2026-02-10 10:13:13.394615+00:00,2026-02-10T10:13:13.532967847Z
1a2346c011840555592e8f4a1fc9681c,2026-02-10 10:15:36.011386+00:00,detect,2026-02-10 10:15:35.967950+00:00,2026-02-10T10:15:36.092427973Z
9d0f54102c07620fae835aebb1b839b1,2026-02-10 10:19:06.597454+00:00,detect,2026-02-10 10:19:06.543108+00:00,2026-02-10T10:19:06.663888484Z
af65ff522b83dd21261b0057db7e091d,2026-02-10 10:13:45.379497+00:00,detect,2026-02-10 10:13:45.307474+00:00,2026-02-10T10:13:45.441817979Z
74bf6ff9bc5ff8bcb166d91134053f10,2026-02-10 10:11:56.140006+00:00,detect,2026-02-10 10:11:56.087157+00:00,2026-02-10T10:11:56.208764768Z
eae0bcde46c7ce898b8c90e171138705,2026-02-10 10:18:14.957994+00:00,detect,2026-02-10 10:18:14.877964+00:00,2026-02-10T10:18:14.997297558Z
52a2fa6d0784ebae05133a8a9177ba5a,2026-02-10 10:15:25.229414+00:00,detect,2026-02-10 10:15:25.125857+00:00,2026-02-10T10:15:25.288056599Z
b57427f9c0adf1daaf28e76b2c661b3c,2026-02-10 10:12:56.304296+00:00,detect,2026-02-10 10:12:56.228609+00:00,2026-02-10T10:12:56.352198709Z
800246b619275fea07476e61a3a21cf0,2026-02-10 10:15:27.387793+00:00,detect,2026-02-10 10:15:27.244465+00:00,2026-02-10T10:15:27.448811197Z
c8ad04a81ab390bfb967c591b33e2074,2026-02-10 10:13:53.929073+00:00,detect,2026-02-10 10:13:53.850508+00:00,2026-02-10T10:13:53.974788417Z
3756ff292df09b898f59a020e6ff6611,2026-02-10 10:12:49.977990+00:00,detect,2026-02-10 10:12:49.866681+00:00,2026-02-10T10:12:50.013293625Z
48aa11e0fbfb9887402e3239c9dbbceb,2026-02-10 10:16:18.378748+00:00,detect,2026-02-10 10:16:18.242193+00:00,2026-02-10T10:16:18.441835142Z
29611556689d4aa39787e357bd175c9d,2026-02-10 10:21:08.307074+00:00,detect,2026-02-10 10:21:08.261498+00:00,2026-02-10T10:21:08.377986736Z
22ad2db9f309bc22d91f4a080e34924f,2026-02-10 10:16:59.167722+00:00,detect,2026-02-10 10:16:59.111032+00:00,2026-02-10T10:16:59.226444919Z
64c815d50cd4dfc5916f8e115f59ea9b,2026-02-10 10:18:47.288174+00:00,detect,2026-02-10 10:18:47.229498+00:00,2026-02-10T10:18:47.349652429Z
7c20e40c10d398cb6afa784d8d51da79,2026-02-10 10:18:35.438069+00:00,detect,2026-02-10 10:18:35.380053+00:00,2026-02-10T10:18:35.499870429Z
1a08aab86ee484bba5ec825a4ed7fa03,2026-02-10 10:17:08.937681+00:00,detect,2026-02-10 10:17:08.880576+00:00,2026-02-10T10:17:09.004257035Z
e33c44c876931f2dff9696faf7129265,2026-02-10 10:15:17.718840+00:00,detect,2026-02-10 10:15:17.597129+00:00,2026-02-10T10:15:17.752398588Z
694cf1643b793b00ad0e21c7a7b0e5a5,2026-02-10 10:13:47.506716+00:00,detect,2026-02-10 10:13:47.296356+00:00,2026-02-10T10:13:47.53612513Z
4e2efefd40c7dd9e9dc7213a5ed3bdbf,2026-02-10 10:20:17.837703+00:00,detect,2026-02-10 10:20:17.753327+00:00,2026-02-10T10:20:17.874353688Z
6ccda38f2a10c860226b7577069ee6db,2026-02-10 10:18:34.357778+00:00,detect,2026-02-10 10:18:34.298814+00:00,2026-02-10T10:18:34.425505811Z
7143fa44357dad1c84294675defe2c58,2026-02-10 10:12:44.709598+00:00,detect,2026-02-10 10:12:44.649476+00:00,2026-02-10T10:12:44.769789135Z
1e1e439384a3471851a764b38a482867,2026-02-10 10:17:50.037550+00:00,detect,2026-02-10 10:17:49.967639+00:00,2026-02-10T10:17:50.087194338Z
b60c06d195ae452443ad2c2c95f1426f,2026-02-10 10:19:16.328234+00:00,detect,2026-02-10 10:19:16.270589+00:00,2026-02-10T10:19:16.396371893Z
97d6cbe66290de74aaec65c3dfd20ee7,2026-02-10 10:20:27.447405+00:00,detect,2026-02-10 10:20:27.386807+00:00,2026-02-10T10:20:27.510608399Z
0fac3b8f080eafdc3b812514a9572e67,2026-02-10 10:18:28.967821+00:00,detect,2026-02-10 10:18:28.911874+00:00,2026-02-10T10:18:29.034365983Z
c4e741996c4f70a6316e27a58bf6a85c,2026-02-10 10:12:43.657308+00:00,detect,2026-02-10 10:12:43.574973+00:00,2026-02-10T10:12:43.692751603Z
41e3afa3cbfc0c3eaece4e73c09f9d6c,2026-02-10 10:14:55.848830+00:00,detect,2026-02-10 10:14:55.714554+00:00,2026-02-10T10:14:55.920333492Z
a64564950f47f7b4144c2959597e398b,2026-02-10 10:14:09.897909+00:00,detect,2026-02-10 10:14:09.788155+00:00,2026-02-10T10:14:09.930404331Z
75d031c3f79fcd55a7e91b454fa93551,2026-02-10 10:13:02.630201+00:00,detect,2026-02-10 10:13:02.558688+00:00,2026-02-10T10:13:02.688463138Z
50a96b45871aef1fa52bd2676e0a3d64,2026-02-10 10:14:52.581927+00:00,detect,2026-02-10 10:14:52.550043+00:00,2026-02-10T10:14:52.692110484Z
12b9922563dab590da9a1e102c4895e2,2026-02-10 10:21:21.277819+00:00,detect,2026-02-10 10:21:21.214149+00:00,2026-02-10T10:21:21.345313071Z
80f0ea385f3c8fab22e3373e2c3ae4df,2026-02-10 10:15:32.758180+00:00,detect,2026-02-10 10:15:32.681024+00:00,2026-02-10T10:15:32.820165184Z
70b11c2473d046a175197ff05e194420,2026-02-10 10:13:17.749640+00:00,detect,2026-02-10 10:13:17.693377+00:00,2026-02-10T10:13:17.824538888Z
61bdbf7e279716fd4d4da06dd198e9ea,2026-02-10 10:18:46.247150+00:00,detect,2026-02-10 10:18:46.151674+00:00,2026-02-10T10:18:46.273808262Z
b512c6841629904b265d4bb26396ee2d,2026-02-10 10:14:08.821340+00:00,detect,2026-02-10 10:14:08.724775+00:00,2026-02-10T10:14:08.877479464Z
4c432aad6381fbdfd706f94ff79f91eb,2026-02-10 10:20:40.397478+00:00,detect,2026-02-10 10:20:40.343174+00:00,2026-02-10T10:20:40.464256802Z
124f927c2433249b4449cb89822a2c9f,2026-02-10 10:14:35.468254+00:00,detect,2026-02-10 10:14:35.404544+00:00,2026-02-10T10:14:35.52849935Z
731924dd34fdd8e9f90571d343ae479a,2026-02-10 10:16:47.278464+00:00,detect,2026-02-10 10:16:47.217539+00:00,2026-02-10T10:16:47.34002667Z
0edf473ab9ab4ab1e1f853918cc59835,2026-02-10 10:17:54.348428+00:00,detect,2026-02-10 10:17:54.280356+00:00,2026-02-10T10:17:54.400279549Z
c677c4d9486dfde97488315ac1ff0514,2026-02-10 10:20:31.768189+00:00,detect,2026-02-10 10:20:31.712144+00:00,2026-02-10T10:20:31.838748166Z
5d89696ed70a0c7f9a243218bc90aedb,2026-02-10 10:16:42.958693+00:00,detect,2026-02-10 10:16:42.890579+00:00,2026-02-10T10:16:43.022218702Z
82ee648b1c6a4ec401266799ec717502,2026-02-10 10:16:22.638746+00:00,detect,2026-02-10 10:16:22.536487+00:00,2026-02-10T10:16:22.71085816Z
ac4c3f96e63c7fb818e9325b1ac673bf,2026-02-10 10:13:08.059710+00:00,detect,2026-02-10 10:13:08.006988+00:00,2026-02-10T10:13:08.135512954Z
043e119fc60d230ffce87ca892151837,2026-02-10 10:14:39.787167+00:00,detect,2026-02-10 10:14:39.543551+00:00,2026-02-10T10:14:39.847725499Z
0c0b37a80b467e189c39ea9dbd2d49a8,2026-02-10 10:18:23.587879+00:00,detect,2026-02-10 10:18:23.531032+00:00,2026-02-10T10:18:23.657047975Z
e2a4c10e00531576cce8305d4ab54e93,2026-02-10 10:12:19.936891+00:00,detect,2026-02-10 10:12:19.870050+00:00,2026-02-10T10:12:19.986462596Z
163f76c813f08d7cdaf85ace2a3d0233,2026-02-10 10:17:52.177938+00:00,detect,2026-02-10 10:17:52.123370+00:00,2026-02-10T10:17:52.24916953Z
0197ca75b3fb552389e1808c76efdf67,2026-02-10 10:19:00.137743+00:00,detect,2026-02-10 10:19:00.048354+00:00,2026-02-10T10:19:00.166460662Z
90d01bd5d13dadc4f84849c2c883616b,2026-02-10 10:12:40.398496+00:00,detect,2026-02-10 10:12:40.349489+00:00,2026-02-10T10:12:40.479381316Z
509c060180d1e53e58d56b8fcf1163d7,2026-02-10 10:16:27.997654+00:00,detect,2026-02-10 10:16:27.845881+00:00,2026-02-10T10:16:28.047806642Z
9270cf6d6294af315b5bbe65adbda1fb,2026-02-10 10:17:06.778063+00:00,detect,2026-02-10 10:17:06.721743+00:00,2026-02-10T10:17:06.837315193Z
cb5fe6650a4d669f299979b9c4d971e3,2026-02-10 10:18:27.888076+00:00,detect,2026-02-10 10:18:27.830157+00:00,2026-02-10T10:18:27.951258126Z
bcb2a599b3f0c0807a191437f6eee58a,2026-02-10 10:13:46.456391+00:00,detect,2026-02-10 10:13:46.359263+00:00,2026-02-10T10:13:46.49359423Z
c65275cda6ba6c930025979f44b54159,2026-02-10 10:20:18.887545+00:00,detect,2026-02-10 10:20:18.826480+00:00,2026-02-10T10:20:18.943421805Z
53875e46864667fe2841717ef1cf27e2,2026-02-10 10:18:39.767968+00:00,detect,2026-02-10 10:18:39.707876+00:00,2026-02-10T10:18:39.841632564Z
157679298d0eb02d37125ffa82f10a7e,2026-02-10 10:11:41.336379+00:00,detect,2026-02-10 10:11:41.238141+00:00,2026-02-10T10:11:41.362174404Z
906b6157d9571d7482accf09d9087c3d,2026-02-10 10:16:51.607784+00:00,detect,2026-02-10 10:16:51.554585+00:00,2026-02-10T10:16:51.675898662Z
2dbf3e6092d53a9c0c442c5f2328b3bb,2026-02-10 10:17:29.457442+00:00,detect,2026-02-10 10:17:29.399475+00:00,2026-02-10T10:17:29.518585215Z
ec73c2fec36bfc0e4732ef495273e1a2,2026-02-10 10:15:19.849524+00:00,detect,2026-02-10 10:15:19.653089+00:00,2026-02-10T10:15:19.909377368Z
94a17ccdb7b7fbb975f78b75e76cafe0,2026-02-10 10:20:42.557959+00:00,detect,2026-02-10 10:20:42.509298+00:00,2026-02-10T10:20:42.629360841Z
7a4f8880fa4e8e91081d83a2280f6302,2026-02-10 10:16:19.458007+00:00,detect,2026-02-10 10:16:19.325583+00:00,2026-02-10T10:16:19.503714264Z
b29d042b54e47995dcd7a57387ac61b8,2026-02-10 10:12:33.968762+00:00,detect,2026-02-10 10:12:33.883397+00:00,2026-02-10T10:12:34.009050993Z
86091c50b28edfadbb49d053730ddcfb,2026-02-10 10:13:58.209357+00:00,detect,2026-02-10 10:13:58.150262+00:00,2026-02-10T10:13:58.272731713Z
4368e43c1c59014f4972f8916ec60c64,2026-02-10 10:12:30.724174+00:00,detect,2026-02-10 10:12:30.654178+00:00,2026-02-10T10:12:30.826716869Z
d4b3b462b4a9f347679465b8b4c9c2a9,2026-02-10 10:16:44.037806+00:00,detect,2026-02-10 10:16:43.953593+00:00,2026-02-10T10:16:44.104030277Z
2759f11500e1a67a913565de095ffa57,2026-02-10 10:11:52.927639+00:00,detect,2026-02-10 10:11:52.829955+00:00,2026-02-10T10:11:52.986650376Z
4c621813e88149256318e8641ba04afa,2026-02-10 10:14:33.338804+00:00,detect,2026-02-10 10:14:33.254083+00:00,2026-02-10T10:14:33.384178259Z
bbf34daddb351865cdcb1ac6a1fa4bae,2026-02-10 10:21:15.878085+00:00,detect,2026-02-10 10:21:15.816299+00:00,2026-02-10T10:21:15.938718088Z
da62b4962e11a443b2376554f90e25fc,2026-02-10 10:16:45.118898+00:00,detect,2026-02-10 10:16:45.058175+00:00,2026-02-10T10:16:45.182246583Z
da0d870df54513a3f28cf0e622275c1d,2026-02-10 10:17:04.607736+00:00,detect,2026-02-10 10:17:04.553870+00:00,2026-02-10T10:17:04.676274367Z
9979fac75e06e900a950622b345135a1,2026-02-10 10:11:35.473309+00:00,detect,2026-02-10 10:11:35.746198+00:00,2026-02-10T10:11:36.01235275Z
81fe97416b9f2dec69da8853a5cca39c,2026-02-10 10:17:20.837488+00:00,detect,2026-02-10 10:17:20.779706+00:00,2026-02-10T10:17:20.902309753Z
303c4f5bf51421b41466bcf28c536ac8,2026-02-10 10:21:26.657231+00:00,detect,2026-02-10 10:21:26.600049+00:00,2026-02-10T10:21:26.724613746Z
b3985a04b923811f0ae0f081425b9672,2026-02-10 10:17:26.238462+00:00,detect,2026-02-10 10:17:26.154115+00:00,2026-02-10T10:17:26.272810258Z
2ce0f63f70751fb703364f2d516f1c98,2026-02-10 10:14:50.408333+00:00,detect,2026-02-10 10:14:50.254961+00:00,2026-02-10T10:14:50.471588766Z
94b6b2479d5f74994a3eec4ff1f14954,2026-02-10 10:16:53.777585+00:00,detect,2026-02-10 10:16:53.727423+00:00,2026-02-10T10:16:53.846892146Z
707c3fc0337eaa0c522b7a0378b848d0,2026-02-10 10:14:34.398688+00:00,detect,2026-02-10 10:14:34.311312+00:00,2026-02-10T10:14:34.456010297Z
cbd1f68a9ec43a1779633ac76480b8bd,2026-02-10 10:16:49.448063+00:00,detect,2026-02-10 10:16:49.382531+00:00,2026-02-10T10:16:49.516147244Z
111d88198ab359346a871f41a9a4b133,2026-02-10 10:16:46.198049+00:00,detect,2026-02-10 10:16:46.144172+00:00,2026-02-10T10:16:46.264851038Z
af354fb3be7b19a5074ee8e6a8e01dd1,2026-02-10 10:12:01.489700+00:00,detect,2026-02-10 10:12:01.399831+00:00,2026-02-10T10:12:01.515696732Z
3d752180cfdd9e80f1331026a8ad99d3,2026-02-10 10:15:20.930457+00:00,detect,2026-02-10 10:15:20.848238+00:00,2026-02-10T10:15:20.992956251Z
ef5876813eb30a4df3dd834444ed0eb9,2026-02-10 10:18:38.677711+00:00,detect,2026-02-10 10:18:38.626733+00:00,2026-02-10T10:18:38.751817718Z
75b8c6698a65417c7a7ac5e1758944f8,2026-02-10 10:11:57.230854+00:00,detect,2026-02-10 10:11:57.163833+00:00,2026-02-10T10:11:57.289662478Z
ff836700bb7d8fec1a0bc4b3f24d94b8,2026-02-10 10:18:25.757212+00:00,detect,2026-02-10 10:18:25.700407+00:00,2026-02-10T10:18:25.827415366Z
6eb0a7dcbeea819b994a67bc9b3a882c,2026-02-10 10:21:02.918187+00:00,detect,2026-02-10 10:21:02.846061+00:00,2026-02-10T10:21:02.966475072Z
39d143ad7b173bb1f4286a2c56686e7f,2026-02-10 10:14:26.909510+00:00,detect,2026-02-10 10:14:26.849509+00:00,2026-02-10T10:14:26.977514071Z
52602218a64dff30fae3f512522265cf,2026-02-10 10:17:14.307864+00:00,detect,2026-02-10 10:17:14.244800+00:00,2026-02-10T10:17:14.377419402Z
2145f740653b680c7e141f38ed3fbc3f,2026-02-10 10:19:05.518231+00:00,detect,2026-02-10 10:19:05.456671+00:00,2026-02-10T10:19:05.583169898Z
137d4479b884d2bf7b2ae451d98eb8a9,2026-02-10 10:12:26.420643+00:00,detect,2026-02-10 10:12:26.369242+00:00,2026-02-10T10:12:26.50077593Z
c7e6001cb7480d1cfc8723af128df758,2026-02-10 10:14:19.496804+00:00,detect,2026-02-10 10:14:19.403016+00:00,2026-02-10T10:14:19.522835949Z
0967ba8c1bc4620597945bb852dab99b,2026-02-10 10:20:54.387212+00:00,detect,2026-02-10 10:20:54.322725+00:00,2026-02-10T10:20:54.461772125Z
a7b2c8f6312cc5b13596c85598aa3079,2026-02-10 10:11:40.249932+00:00,detect,2026-02-10 10:11:40.191278+00:00,2026-02-10T10:11:40.319471298Z
3a55eb483f01bfbaddd0a4ef84e635be,2026-02-10 10:13:33.736834+00:00,detect,2026-02-10 10:13:33.584802+00:00,2026-02-10T10:13:33.762212847Z
df3e8ec64cbf4d8296c2b57cbf6f6cbc,2026-02-10 10:21:10.478085+00:00,detect,2026-02-10 10:21:10.423495+00:00,2026-02-10T10:21:10.545902258Z
35eaf93b50a73e355662c73e32873384,2026-02-10 10:12:54.189874+00:00,detect,2026-02-10 10:12:54.106182+00:00,2026-02-10T10:12:54.229230583Z
c99d66a905a414f10319234631e79aec,2026-02-10 10:12:59.468831+00:00,detect,2026-02-10 10:12:59.376706+00:00,2026-02-10T10:12:59.503873298Z
72405db76ea405985aced9f799cb037c,2026-02-10 10:18:37.598025+00:00,detect,2026-02-10 10:18:37.537248+00:00,2026-02-10T10:18:37.661616323Z
29886e8b5d142f18a919373523a019a8,2026-02-10 10:18:48.365541+00:00,detect,2026-02-10 10:18:48.263517+00:00,2026-02-10T10:18:48.388597005Z
5f6c1a5546212df6c5652c7b9393ae39,2026-02-10 10:11:50.827408+00:00,detect,2026-02-10 10:11:50.723341+00:00,2026-02-10T10:11:50.875037632Z
9c0448ca86ac8981fba2f4224f9ed925,2026-02-10 10:13:43.255720+00:00,detect,2026-02-10 10:13:43.114513+00:00,2026-02-10T10:13:43.281644Z
340cf2fcd2f98ae1e60a4ee5ec3fde4c,2026-02-10 10:19:29.267557+00:00,detect,2026-02-10 10:19:29.207366+00:00,2026-02-10T10:19:29.32912635Z
89769879c8ff4b91c0a9ee0721078767,2026-02-10 10:14:15.247894+00:00,detect,2026-02-10 10:14:15.146104+00:00,2026-02-10T10:14:15.293903567Z
844c51f65f0a3df6f64d59bd62bd13fc,2026-02-10 10:16:31.177677+00:00,detect,2026-02-10 10:16:31.086962+00:00,2026-02-10T10:16:31.218189717Z
cfcf6cb58b1c3c9e97da2b9e0324b08d,2026-02-10 10:17:22.996810+00:00,detect,2026-02-10 10:17:22.940645+00:00,2026-02-10T10:17:23.064668229Z
0a74ffdd2bf4c8a1ec1c86f723574ea8,2026-02-10 10:17:11.096349+00:00,detect,2026-02-10 10:17:11.002094+00:00,2026-02-10T10:17:11.120119069Z
7cad19018f46bbe5195e5bd0df718413,2026-02-10 10:12:39.319299+00:00,detect,2026-02-10 10:12:39.257925+00:00,2026-02-10T10:12:39.379673573Z
9e405d8c8f44455699a29fab297a7ddb,2026-02-10 10:14:05.637870+00:00,detect,2026-02-10 10:14:05.494120+00:00,2026-02-10T10:14:05.682156658Z
08932ede894b454475eaf007504a9ebf,2026-02-10 10:12:46.836366+00:00,detect,2026-02-10 10:12:46.738312+00:00,2026-02-10T10:12:46.865428398Z
58ed7d378b7c3bb4fced2c62318ff25d,2026-02-10 10:17:21.916789+00:00,detect,2026-02-10 10:17:21.851845+00:00,2026-02-10T10:17:21.980983025Z
07e753de9bff4c18801eb7e4ea0a796d,2026-02-10 10:19:23.868409+00:00,detect,2026-02-10 10:19:23.806042+00:00,2026-02-10T10:19:23.926258264Z
970a1acdd40962f91568b3abc714542f,2026-02-10 10:18:55.877243+00:00,detect,2026-02-10 10:18:55.792117+00:00,2026-02-10T10:18:55.912888006Z
b34d3bb01d63e5f870dc0a375428c6a4,2026-02-10 10:18:51.568044+00:00,detect,2026-02-10 10:18:51.507395+00:00,2026-02-10T10:18:51.633592044Z
7d87ffcafdae9bf32ee5601221aedc85,2026-02-10 10:14:40.859994+00:00,detect,2026-02-10 10:14:40.752249+00:00,2026-02-10T10:14:40.902382882Z
df7ed3b3dfae2e58a79b734e65add5dc,2026-02-10 10:18:50.487757+00:00,detect,2026-02-10 10:18:50.433903+00:00,2026-02-10T10:18:50.555677555Z
485f3211d04f31d40cb2e2394b7f90a3,2026-02-10 10:19:07.677711+00:00,detect,2026-02-10 10:19:07.622655+00:00,2026-02-10T10:19:07.744622837Z
60e89094081e0c8fb23ff28b7df6e082,2026-02-10 10:16:48.357589+00:00,detect,2026-02-10 10:16:48.309039+00:00,2026-02-10T10:16:48.430801832Z
d46b4c17e7827b21f061981ca2eb9baf,2026-02-10 10:21:18.037941+00:00,detect,2026-02-10 10:21:17.978154+00:00,2026-02-10T10:21:18.099051745Z
bad73bd87deed58a79d5b42cd5e52a23,2026-02-10 10:14:25.856599+00:00,detect,2026-02-10 10:14:25.722653+00:00,2026-02-10T10:14:25.893582921Z
b02dec6b87266399b68037433e7f743c,2026-02-10 10:14:21.626403+00:00,detect,2026-02-10 10:14:21.532329+00:00,2026-02-10T10:14:21.663269777Z
31b206cd9edd7df5af0d2ac783978a57,2026-02-10 10:14:14.158300+00:00,detect,2026-02-10 10:14:14.033454+00:00,2026-02-10T10:14:14.234517162Z
deffca73a2b2eb19e4a1d03c58ab23df,2026-02-10 10:13:28.478956+00:00,detect,2026-02-10 10:13:28.376029+00:00,2026-02-10T10:13:28.54157451Z
a97f7f4083a09dc988887ce09d6d1691,2026-02-10 10:16:40.836760+00:00,detect,2026-02-10 10:16:40.732648+00:00,2026-02-10T10:16:40.874484547Z
8a25332132f8bf596fd932be8330088c,2026-02-10 10:13:20.959400+00:00,detect,2026-02-10 10:13:20.900269+00:00,2026-02-10T10:13:21.023331326Z
0f5a22fe932e7d24c753f6c4a249b483,2026-02-10 10:21:07.227609+00:00,detect,2026-02-10 10:21:07.163376+00:00,2026-02-10T10:21:07.291287321Z
aeaf3529928f0896c3d2825ce951303d,2026-02-10 10:12:36.109871+00:00,detect,2026-02-10 10:12:36.049897+00:00,2026-02-10T10:12:36.168166028Z
4403b57718a93b3c75d2da0d1599fc99,2026-02-10 10:13:23.118829+00:00,detect,2026-02-10 10:13:23.043978+00:00,2026-02-10T10:13:23.167107835Z
54a68254303fb81e338213c594c6c1eb,2026-02-10 10:12:27.512646+00:00,detect,2026-02-10 10:12:27.383437+00:00,2026-02-10T10:12:27.576030516Z
5b314c60bb06afe7bd143894d02be4b0,2026-02-10 10:13:38.988429+00:00,detect,2026-02-10 10:13:38.920335+00:00,2026-02-10T10:13:39.039947795Z
ccfb9f4b55b8c9c258ea3d2e7911c816,2026-02-10 10:20:59.678011+00:00,detect,2026-02-10 10:20:59.590101+00:00,2026-02-10T10:20:59.743232889Z
2cecc9831020f1445f4b79026d9bb94c,2026-02-10 10:19:28.186566+00:00,detect,2026-02-10 10:19:28.128656+00:00,2026-02-10T10:19:28.252913048Z
16e857e63b0c2740eb1a611a7af3203a,2026-02-10 10:13:00.516038+00:00,detect,2026-02-10 10:13:00.412694+00:00,2026-02-10T10:13:00.543508209Z
ff1b1d0db7c1ba9e32014e1186d841b9,2026-02-10 10:21:11.557414+00:00,detect,2026-02-10 10:21:11.503071+00:00,2026-02-10T10:21:11.631068246Z
a52b1c61ff1532af59fa08a1bdae6f2b,2026-02-10 10:12:20.999054+00:00,detect,2026-02-10 10:12:20.929577+00:00,2026-02-10T10:12:21.074036468Z
123ede7cbb4c23b6d0c6d8742d69c6d8,2026-02-10 10:15:22.008151+00:00,detect,2026-02-10 10:15:21.824123+00:00,2026-02-10T10:15:22.047959428Z
9bff58110a58ea7299e0595adec32508,2026-02-10 10:14:42.962838+00:00,detect,2026-02-10 10:14:42.711056+00:00,2026-02-10T10:14:43.023830076Z
9f20e08dadd2ba19a5da87b832c1cdc3,2026-02-10 10:19:46.649390+00:00,detect,2026-02-10 10:19:46.550621+00:00,2026-02-10T10:19:46.681430377Z
c87b64ce2dbee5c9aafc5df6725371fa,2026-02-10 10:16:26.928557+00:00,detect,2026-02-10 10:16:26.845527+00:00,2026-02-10T10:16:26.982354576Z
08adc808b7890cb1abe139e7c83e0e4d,2026-02-10 10:18:43.017415+00:00,detect,2026-02-10 10:18:42.963238+00:00,2026-02-10T10:18:43.082922442Z
1dc4f46b29b6236fda29a31787aff480,2026-02-10 10:13:14.547791+00:00,detect,2026-02-10 10:13:14.473051+00:00,2026-02-10T10:13:14.595084315Z
f1bd30047d45c3941a44f9fd16648ac6,2026-02-10 10:20:13.572371+00:00,detect,2026-02-10 10:20:13.489599+00:00,2026-02-10T10:20:13.63895824Z
3cc6c305df95d582d03788cf620a0cd7,2026-02-10 10:20:58.598017+00:00,detect,2026-02-10 10:20:58.540831+00:00,2026-02-10T10:20:58.666518555Z
7c04165bf0e8222d0d19fe223a98313c,2026-02-10 10:13:49.606285+00:00,detect,2026-02-10 10:13:49.466877+00:00,2026-02-10T10:13:49.642871862Z
7b80561b25ec55ee5c16635c4178279c,2026-02-10 10:12:31.840158+00:00,detect,2026-02-10 10:12:31.746802+00:00,2026-02-10T10:12:31.884715692Z
f7da0493805482a4184dd57210563a19,2026-02-10 10:18:16.018397+00:00,detect,2026-02-10 10:18:15.959596+00:00,2026-02-10T10:18:16.086482968Z
3e8b3a0ff841ce4043d838e0ae5dd109,2026-02-10 10:21:27.738052+00:00,detect,2026-02-10 10:21:27.671008+00:00,2026-02-10T10:21:27.800711259Z
c398e4d1c0944048b5b51a9e6742ef50,2026-02-10 10:18:59.088090+00:00,detect,2026-02-10 10:18:59.001035+00:00,2026-02-10T10:18:59.11731582Z
7abe92582619a61474172087a2e93162,2026-02-10 10:20:22.077362+00:00,detect,2026-02-10 10:20:22.008735+00:00,2026-02-10T10:20:22.137741636Z
ce7287522555d4586374826c4157e247,2026-02-10 10:15:26.308577+00:00,detect,2026-02-10 10:15:26.242162+00:00,2026-02-10T10:15:26.368950225Z
5d56337935d682a33b4fd2bf605717a6,2026-02-10 10:20:21.008051+00:00,detect,2026-02-10 10:20:20.939397+00:00,2026-02-10T10:20:21.065719392Z
1901f8f3340c47e7d12da6bacec399c5,2026-02-10 10:15:54.620832+00:00,detect,2026-02-10 10:15:54.527623+00:00,2026-02-10T10:15:54.659479543Z
c093c72a33eb64da83826fb88959d8e3,2026-02-10 10:15:18.772119+00:00,detect,2026-02-10 10:15:18.663523+00:00,2026-02-10T10:15:18.836132527Z
7fa991a3383075d84aa58d7f586131f6,2026-02-10 10:14:41.916275+00:00,detect,2026-02-10 10:14:41.792302+00:00,2026-02-10T10:14:41.937667786Z
cee6691271efa43889506f4926ae348c,2026-02-10 10:20:25.287600+00:00,detect,2026-02-10 10:20:25.223602+00:00,2026-02-10T10:20:25.346436273Z
405e0a9585c8a71a1564b82a90d27527,2026-02-10 10:15:23.067886+00:00,detect,2026-02-10 10:15:23.002427+00:00,2026-02-10T10:15:23.119115656Z
7cdca63c6f27f58989a27fcb30f15afa,2026-02-10 10:18:32.187086+00:00,detect,2026-02-10 10:18:32.125231+00:00,2026-02-10T10:18:32.247155421Z
88ad626766913a3f5a8e82979b3af333,2026-02-10 10:19:47.697497+00:00,detect,2026-02-10 10:19:47.619288+00:00,2026-02-10T10:19:47.738975088Z
2cb005f80d8f391909e4155add135a36,2026-02-10 10:13:54.989441+00:00,detect,2026-02-10 10:13:54.918404+00:00,2026-02-10T10:13:55.043603187Z
7666e603902278c71c5431e13382d90c,2026-02-10 10:20:41.477299+00:00,detect,2026-02-10 10:20:41.416228+00:00,2026-02-10T10:20:41.540750709Z
c2dddb271c7b54dc9f67650f7f85a5f2,2026-02-10 10:20:44.727597+00:00,detect,2026-02-10 10:20:44.670332+00:00,2026-02-10T10:20:44.794972625Z
2e41d734ae5797915ef53109816ae399,2026-02-10 10:14:56.942676+00:00,detect,2026-02-10 10:14:56.801052+00:00,2026-02-10T10:14:57.017141514Z
7b5f0d8554325f39303635ff710c78ca,2026-02-10 10:14:20.539071+00:00,detect,2026-02-10 10:14:20.370951+00:00,2026-02-10T10:14:20.608322329Z
25a790f8fbb69b4d509bacc2b35b452e,2026-02-10 10:20:30.687438+00:00,detect,2026-02-10 10:20:30.627531+00:00,2026-02-10T10:20:30.750754844Z
8ee8288e8b3fbd9e77d60b2a2b08494e,2026-02-10 10:21:00.757713+00:00,detect,2026-02-10 10:21:00.689049+00:00,2026-02-10T10:21:00.817147021Z
cbcb05ab72fb8476aadd6c450e23bd01,2026-02-10 10:16:52.688401+00:00,detect,2026-02-10 10:16:52.643729+00:00,2026-02-10T10:16:52.767333469Z
f85f4922d4187c6c638db962b3de14a0,2026-02-10 10:13:26.358835+00:00,detect,2026-02-10 10:13:26.295035+00:00,2026-02-10T10:13:26.420404603Z
d791d07925c1812a622feb4f76291b81,2026-02-10 10:17:48.947550+00:00,detect,2026-02-10 10:17:48.897397+00:00,2026-02-10T10:17:49.020458964Z
1ea5e97aeaaf1a4c3d748dc859a5cbbc,2026-02-10 10:15:28.471888+00:00,detect,2026-02-10 10:15:28.382042+00:00,2026-02-10T10:15:28.527717579Z
0c4fbde12ce7290c57ce879024c6ca03,2026-02-10 10:21:09.398149+00:00,detect,2026-02-10 10:21:09.338957+00:00,2026-02-10T10:21:09.463889363Z
eb92f0a86812d0d2b704877efed51da1,2026-02-10 10:15:15.512075+00:00,detect,2026-02-10 10:15:15.317549+00:00,2026-02-10T10:15:15.597286427Z
e62e840374c828fe14430a89fa454f20,2026-02-10 10:13:03.707999+00:00,detect,2026-02-10 10:13:03.646792+00:00,2026-02-10T10:13:03.77216834Z
8aa3924f43d9cccabc2c9f2579cb32aa,2026-02-10 10:14:29.048134+00:00,detect,2026-02-10 10:14:28.893442+00:00,2026-02-10T10:14:29.092986671Z
d3409dbaefc61670a48617f4327d31f3,2026-02-10 10:13:29.557396+00:00,detect,2026-02-10 10:13:29.439858+00:00,2026-02-10T10:13:29.581605223Z
0180f9790d36ccedc16a411c26eeec05,2026-02-10 10:13:18.836704+00:00,detect,2026-02-10 10:13:18.713363+00:00,2026-02-10T10:13:18.863225399Z
f217235606622d80fe4784418e3218b2,2026-02-10 10:14:12.016861+00:00,detect,2026-02-10 10:14:11.919107+00:00,2026-02-10T10:14:12.056915137Z
09c26d2bc10fc25ff9c52598f1e3d7a8,2026-02-10 10:19:09.847582+00:00,detect,2026-02-10 10:19:09.788034+00:00,2026-02-10T10:19:09.912690517Z
ea653b6b4958775fa48e4fcadd25a6bc,2026-02-10 10:12:37.189584+00:00,detect,2026-02-10 10:12:37.123689+00:00,2026-02-10T10:12:37.245293287Z
13d451a3fd16d2c19698183ac556e527,2026-02-10 10:20:50.068045+00:00,detect,2026-02-10 10:20:50.014549+00:00,2026-02-10T10:20:50.135800826Z
b0a3b11831b124b3eb7c2c8fc92aa990,2026-02-10 10:12:48.926873+00:00,detect,2026-02-10 10:12:48.840423+00:00,2026-02-10T10:12:48.963592855Z
26a11c0710abe4f3b7ced7a04f9ec403,2026-02-10 10:19:49.825762+00:00,detect,2026-02-10 10:19:49.725042+00:00,2026-02-10T10:19:49.849594913Z
07a638a6842077a523c028760aef8e9e,2026-02-10 10:16:21.579292+00:00,detect,2026-02-10 10:16:21.495416+00:00,2026-02-10T10:16:21.626380822Z
298ba048146b810bcf4efc0db0bc66da,2026-02-10 10:19:55.127679+00:00,detect,2026-02-10 10:19:55.061261+00:00,2026-02-10T10:19:55.18012927Z
940345a03b76635166f83b06b7967be0,2026-02-10 10:18:56.927517+00:00,detect,2026-02-10 10:18:56.877058+00:00,2026-02-10T10:18:57.001789301Z
d0ca0bee8612a34b25e45674f145ae36,2026-02-10 10:14:30.108537+00:00,detect,2026-02-10 10:14:29.974618+00:00,2026-02-10T10:14:30.178799707Z
d9807a1a82a3df2c29822ea9f183bde1,2026-02-10 10:13:50.662277+00:00,detect,2026-02-10 10:13:50.580929+00:00,2026-02-10T10:13:50.72978205Z
8bdc3caa574828fc4039573ada1fb953,2026-02-10 10:11:51.887494+00:00,detect,2026-02-10 10:11:51.775454+00:00,2026-02-10T10:11:51.91243723Z
09ecd1450d03740adeec0f1b9d6e66a8,2026-02-10 10:16:20.517179+00:00,detect,2026-02-10 10:16:20.399747+00:00,2026-02-10T10:16:20.562577815Z
9d54cc496bc715cb2d2fd32a6695ed70,2026-02-10 10:21:23.435961+00:00,detect,2026-02-10 10:21:23.295057+00:00,2026-02-10T10:21:23.467539123Z
00c0a5c75c798ba94a490f58341cb85f,2026-02-10 10:12:25.331004+00:00,detect,2026-02-10 10:12:25.124756+00:00,2026-02-10T10:12:25.403563492Z
54a2e8f568007725c9707bfd1cc702a7,2026-02-10 10:17:12.138186+00:00,detect,2026-02-10 10:17:12.080552+00:00,2026-02-10T10:17:12.210537272Z
47cc754a195621ea7e19dcd82bdcf8de,2026-02-10 10:20:33.937939+00:00,detect,2026-02-10 10:20:33.884221+00:00,2026-02-10T10:20:34.000324473Z
d98f8c2b99aa644549e50cbf936835a1,2026-02-10 10:18:26.846438+00:00,detect,2026-02-10 10:18:26.755213+00:00,2026-02-10T10:18:26.87112746Z
6366d10f1efc275edf7ee988c3910f38,2026-02-10 10:11:54.000718+00:00,detect,2026-02-10 10:11:53.927949+00:00,2026-02-10T10:11:54.053398431Z
eeb553bfd1be11b063abe40a3ea71497,2026-02-10 10:21:24.478071+00:00,detect,2026-02-10 10:21:24.427809+00:00,2026-02-10T10:21:24.549870256Z
cb6c479330ca07f821e0aeb0a78a42c3,2026-02-10 10:14:31.216127+00:00,detect,2026-02-10 10:14:31.111333+00:00,2026-02-10T10:14:31.238505202Z
877e9c1662fb650b630db4cc500125b9,2026-02-10 10:18:30.047451+00:00,detect,2026-02-10 10:18:29.990914+00:00,2026-02-10T10:18:30.109401667Z
4ac0786a63040694e68ab5ba5146b4f6,2026-02-10 10:17:27.287367+00:00,detect,2026-02-10 10:17:27.228414+00:00,2026-02-10T10:17:27.34962509Z
926b5db247886240f6b1809fc265ddeb,2026-02-10 10:18:18.188376+00:00,detect,2026-02-10 10:18:18.134678+00:00,2026-02-10T10:18:18.261225931Z
6717a4f4422ca5859f676d5466e241ee,2026-02-10 10:15:16.621356+00:00,detect,2026-02-10 10:15:16.524346+00:00,2026-02-10T10:15:16.696242802Z
892ff517f9fe412a1ea974195eb509c5,2026-02-10 10:12:53.148404+00:00,detect,2026-02-10 10:12:53.055910+00:00,2026-02-10T10:12:53.173995466Z
de25104e01a3ba84d623d2eee5a07f6b,2026-02-10 10:16:17.336238+00:00,detect,2026-02-10 10:16:17.198487+00:00,2026-02-10T10:16:17.35954778Z
1b7f64b44796e10e0031b130ec65329a,2026-02-10 10:17:53.268445+00:00,detect,2026-02-10 10:17:53.205226+00:00,2026-02-10T10:17:53.328056312Z
598251ec180f648e76ffc90a90fb0f4f,2026-02-10 10:17:17.568029+00:00,detect,2026-02-10 10:17:17.523320+00:00,2026-02-10T10:17:17.648727748Z
66b79f9c8405249833fce7251214fefe,2026-02-10 10:21:14.807537+00:00,detect,2026-02-10 10:21:14.711076+00:00,2026-02-10T10:21:14.863411134Z
db920bc66ef31a53fc3932bf2cf45d66,2026-02-10 10:21:19.117837+00:00,detect,2026-02-10 10:21:19.055897+00:00,2026-02-10T10:21:19.179959351Z
c9be99a3f0d5defb40d2b5b6eb756990,2026-02-10 10:16:39.768254+00:00,detect,2026-02-10 10:16:39.622450+00:00,2026-02-10T10:16:39.819393842Z
49b3f672ba722163084ef16dc7bc77e9,2026-02-10 10:11:55.070644+00:00,detect,2026-02-10 10:11:54.966277+00:00,2026-02-10T10:11:55.116832513Z
87f4c601e80cdd29aabb4554e818b13c,2026-02-10 10:19:02.258533+00:00,detect,2026-02-10 10:19:02.204265+00:00,2026-02-10T10:19:02.326739431Z
1b3ef19c3375eb943c4d39fbd53ee31b,2026-02-10 10:19:21.698057+00:00,detect,2026-02-10 10:19:21.633509+00:00,2026-02-10T10:19:21.759645171Z
21ba0476c737e48acc28ca212f4a63af,2026-02-10 10:14:51.490296+00:00,detect,2026-02-10 10:14:51.402232+00:00,2026-02-10T10:14:51.55060702Z
73b3cd00f9c42ec76bb89bf2c65d0cd9,2026-02-10 10:16:34.388404+00:00,detect,2026-02-10 10:16:34.333502+00:00,2026-02-10T10:16:34.459269656Z
5471269bffb41a109d454a4819d7a50c,2026-02-10 10:18:24.678274+00:00,detect,2026-02-10 10:18:24.622565+00:00,2026-02-10T10:18:24.737082622Z
df119ab593e3f7df7db1f33665760fb5,2026-02-10 10:12:57.369978+00:00,detect,2026-02-10 10:12:57.277338+00:00,2026-02-10T10:12:57.40508612Z
074ec0146dc4f1cd42c40c9e7354a14b,2026-02-10 10:16:35.477617+00:00,detect,2026-02-10 10:16:35.410157+00:00,2026-02-10T10:16:35.543775093Z
8a29a681b49b2a81ee9b1a20fce3f059,2026-02-10 10:12:00.443291+00:00,detect,2026-02-10 10:12:00.353950+00:00,2026-02-10T10:12:00.47517523Z
553ec7769c663ba99d71545a95fd862c,2026-02-10 10:20:28.527642+00:00,detect,2026-02-10 10:20:28.473858+00:00,2026-02-10T10:20:28.596384977Z
2dadab1a4e47d35224b2b9bc4fb602b7,2026-02-10 10:16:29.058702+00:00,detect,2026-02-10 10:16:28.965240+00:00,2026-02-10T10:16:29.100906933Z
618f3934ab600dcd5aca0b4b616f24f8,2026-02-10 10:17:28.367608+00:00,detect,2026-02-10 10:17:28.314697+00:00,2026-02-10T10:17:28.444586831Z
d58a2def6874aa7ef9e9b6f2a1fc30b8,2026-02-10 10:18:31.127447+00:00,detect,2026-02-10 10:18:31.046372+00:00,2026-02-10T10:18:31.170394672Z
0dd936c63425b712c9deb2e7df24d3c5,2026-02-10 10:15:57.815937+00:00,detect,2026-02-10 10:15:57.721993+00:00,2026-02-10T10:15:57.844173802Z
33ca0f6033dff695c3a63d319b6a4822,2026-02-10 10:11:46.617167+00:00,detect,2026-02-10 10:11:46.515511+00:00,2026-02-10T10:11:46.64857727Z
221c35934f188ea8a46c453c6bdc0cdf,2026-02-10 10:20:35.017623+00:00,detect,2026-02-10 10:20:34.930636+00:00,2026-02-10T10:20:35.045220292Z
7db2a8258e410cbadf7110cbec65c1df,2026-02-10 10:21:25.568195+00:00,detect,2026-02-10 10:21:25.516276+00:00,2026-02-10T10:21:25.639766877Z
6e921066449991ccd7d070fac7c69e41,2026-02-10 10:20:32.857960+00:00,detect,2026-02-10 10:20:32.805023+00:00,2026-02-10T10:20:32.922228412Z
04315f903f0cc40a210dd635b1232555,2026-02-10 10:17:02.428851+00:00,detect,2026-02-10 10:17:02.376168+00:00,2026-02-10T10:17:02.503934369Z
93e5d1b6867b7c4f8883f040e59287f2,2026-02-10 10:20:38.237558+00:00,detect,2026-02-10 10:20:38.179432+00:00,2026-02-10T10:20:38.305637904Z
b8a3cb4df6fb9aa4c36459c5779cb0ae,2026-02-10 10:13:44.298857+00:00,detect,2026-02-10 10:13:44.221344+00:00,2026-02-10T10:13:44.36089182Z
eaaf7fe1de9ebe18ae242cb894174f79,2026-02-10 10:18:49.407588+00:00,detect,2026-02-10 10:18:49.343815+00:00,2026-02-10T10:18:49.466693102Z
f4fcbc0d7baaa733d03099a5d996657d,2026-02-10 10:14:17.376226+00:00,detect,2026-02-10 10:14:17.234536+00:00,2026-02-10T10:14:17.410575789Z
fbcff72919c4e1fde379c41cdffc2b5a,2026-02-10 10:18:36.517631+00:00,detect,2026-02-10 10:18:36.457395+00:00,2026-02-10T10:18:36.581125994Z
72000b7ff017366dedd7c4f2b05ffbd8,2026-02-10 10:20:24.236750+00:00,detect,2026-02-10 10:20:24.150917+00:00,2026-02-10T10:20:24.269064267Z
ce47ec08ede265a2ea6c451b64c7010c,2026-02-10 10:12:22.090848+00:00,detect,2026-02-10 10:12:21.961552+00:00,2026-02-10T10:12:22.142311416Z
8edbe99d1384484c116cf825b4f93bf1,2026-02-10 10:11:58.310123+00:00,detect,2026-02-10 10:11:58.236586+00:00,2026-02-10T10:11:58.362896856Z
cca41d39d19172d9473e617959e984c9,2026-02-10 10:14:07.766890+00:00,detect,2026-02-10 10:14:07.609242+00:00,2026-02-10T10:14:07.803493191Z
cc8e8b64c71baec41aae9fe77db1b5b6,2026-02-10 10:18:44.097675+00:00,detect,2026-02-10 10:18:44.044939+00:00,2026-02-10T10:18:44.16465985Z
f05994583dcfad3956c6395a71b072fe,2026-02-10 10:15:13.372760+00:00,detect,2026-02-10 10:15:13.284613+00:00,2026-02-10T10:15:13.401762135Z
3ec99ca2c80988b6914548db1d6e82a4,2026-02-10 10:11:45.558502+00:00,detect,2026-02-10 10:11:45.485649+00:00,2026-02-10T10:11:45.60615645Z
144864163a7855318adcad4df1fd365d,2026-02-10 10:11:47.667243+00:00,detect,2026-02-10 10:11:47.581325+00:00,2026-02-10T10:11:47.701962856Z
4667e44e721b8f57ddaeb6ad81f0513a,2026-02-10 10:12:28.586970+00:00,detect,2026-02-10 10:12:28.417747+00:00,2026-02-10T10:12:28.645227593Z
18f18c772b2b110bc77c0c8173b9207b,2026-02-10 10:16:58.118480+00:00,detect,2026-02-10 10:16:58.035291+00:00,2026-02-10T10:16:58.153074542Z
fa1b7dd7a84f5a2c98fbbf5cc1ab4efc,2026-02-10 10:12:29.656985+00:00,detect,2026-02-10 10:12:29.470738+00:00,2026-02-10T10:12:29.697247408Z
c97a01ddc08918030b1240d7b4c5c493,2026-02-10 10:20:39.317917+00:00,detect,2026-02-10 10:20:39.253343+00:00,2026-02-10T10:20:39.379605484Z
5d518ca40e44d8714d41ec266ed6918f,2026-02-10 10:17:07.857924+00:00,detect,2026-02-10 10:17:07.804296+00:00,2026-02-10T10:17:07.924831037Z
a22a4d3c0b371b9e22a44840e6d3eda6,2026-02-10 10:11:42.377284+00:00,detect,2026-02-10 10:11:42.285470+00:00,2026-02-10T10:11:42.412888765Z
01de7c8682a7a086ad65782771883ba7,2026-02-10 10:19:27.107409+00:00,detect,2026-02-10 10:19:27.050819+00:00,2026-02-10T10:19:27.171056518Z
ca87a3043441683f5536234759c29850,2026-02-10 10:20:45.808037+00:00,detect,2026-02-10 10:20:45.743066+00:00,2026-02-10T10:20:45.869661219Z
076d448688c835464630e75f17c5325b,2026-02-10 10:13:59.287592+00:00,detect,2026-02-10 10:13:59.172835+00:00,2026-02-10T10:13:59.320687317Z
15ebf59704b83aaacd2e2a4de2209ab4,2026-02-10 10:20:55.475579+00:00,detect,2026-02-10 10:20:55.368592+00:00,2026-02-10T10:20:55.496987751Z
1ddd38250d2a5c8c2165e83c557f35d7,2026-02-10 10:15:37.109823+00:00,detect,2026-02-10 10:15:36.980405+00:00,2026-02-10T10:15:37.171342037Z
73d7997c8d86b05796f423687194ae2a,2026-02-10 10:18:45.177360+00:00,detect,2026-02-10 10:18:45.107224+00:00,2026-02-10T10:18:45.228254226Z
c1e678dcabaddd0df5a5790c66f2c993,2026-02-10 10:13:11.322325+00:00,detect,2026-02-10 10:13:11.248480+00:00,2026-02-10T10:13:11.372024229Z
1c33568dfb0ed493abc2545601118dbf,2026-02-10 10:16:38.708283+00:00,detect,2026-02-10 10:16:38.618294+00:00,2026-02-10T10:16:38.749509047Z
104f7b6f179cd933d67315db9d0c84ea,2026-02-10 10:17:16.478083+00:00,detect,2026-02-10 10:17:16.426222+00:00,2026-02-10T10:17:16.554973487Z
2f93cc91193b9773828cb5123b0e8470,2026-02-10 10:13:51.748684+00:00,detect,2026-02-10 10:13:51.558862+00:00,2026-02-10T10:13:51.807402847Z
d1315c825544c6ca317c24c1d448f6bf,2026-02-10 10:19:10.927571+00:00,detect,2026-02-10 10:19:10.868841+00:00,2026-02-10T10:19:10.99550796Z
f9220cab3b436217ee0959800c816cd2,2026-02-10 10:17:47.887763+00:00,detect,2026-02-10 10:17:47.804245+00:00,2026-02-10T10:17:47.936505464Z
f6f1b65c925316ab168c90873cc2c168,2026-02-10 10:19:48.758167+00:00,detect,2026-02-10 10:19:48.698710+00:00,2026-02-10T10:19:48.813533594Z
2d32a8ce9df0db2c0f5707d6b03d5309,2026-02-10 10:14:38.719803+00:00,detect,2026-02-10 10:14:38.545753+00:00,2026-02-10T10:14:38.773753509Z
9ddb2ad489e2fd751633ae539498235b,2026-02-10 10:13:24.189063+00:00,detect,2026-02-10 10:13:24.127491+00:00,2026-02-10T10:13:24.260665753Z
50f3066effab23d41a21cf5b9f006637,2026-02-10 10:18:53.727580+00:00,detect,2026-02-10 10:18:53.660924+00:00,2026-02-10T10:18:53.786433522Z
2e4ebc83e91f84c6245bcce326450da8,2026-02-10 10:14:37.639026+00:00,detect,2026-02-10 10:14:37.578419+00:00,2026-02-10T10:14:37.70234736Z
d2318a91870eca5d472f0acfa4b4f091,2026-02-10 10:17:51.107785+00:00,detect,2026-02-10 10:17:51.035665+00:00,2026-02-10T10:17:51.162599535Z
d64a8d58d4f65d5a3392ea1223658b2e,2026-02-10 10:17:55.417752+00:00,detect,2026-02-10 10:17:55.356798+00:00,2026-02-10T10:17:55.483915458Z
88fa9c1db9f32dd8c1abf7098e9361d8,2026-02-10 10:12:32.899360+00:00,detect,2026-02-10 10:12:32.830945+00:00,2026-02-10T10:12:32.952943724Z
5efaae19f76d5c5214368208c6da3e29,2026-02-10 10:13:42.180288+00:00,detect,2026-02-10 10:13:41.912526+00:00,2026-02-10T10:13:42.243441007Z
704a62c93320eee1af44d3a187a23143,2026-02-10 10:14:53.711237+00:00,detect,2026-02-10 10:14:53.547949+00:00,2026-02-10T10:14:53.759639311Z
72c30e9fb34dd24030cdc48cc8eefc26,2026-02-10 10:13:06.979183+00:00,detect,2026-02-10 10:13:06.920608+00:00,2026-02-10T10:13:07.045643798Z
451f3bb2b1632abf06376ae75326138b,2026-02-10 10:14:04.567941+00:00,detect,2026-02-10 10:14:04.462641+00:00,2026-02-10T10:14:04.626387078Z
7900ba5f43309562c50384547bc1fefd,2026-02-10 10:18:13.881777+00:00,detect,2026-02-10 10:18:13.816508+00:00,2026-02-10T10:18:13.940820948Z
1f74fde43c465c67b336db2f529dc7b4,2026-02-10 10:12:58.418812+00:00,detect,2026-02-10 10:12:58.333577+00:00,2026-02-10T10:12:58.455643556Z
02f27ef2c3214da31a48705236b8f832,2026-02-10 10:13:19.879209+00:00,detect,2026-02-10 10:13:19.796686+00:00,2026-02-10T10:13:19.936195338Z
5f1bd2cbb1bcde908e06254e80d4cb02,2026-02-10 10:19:20.618134+00:00,detect,2026-02-10 10:19:20.553616+00:00,2026-02-10T10:19:20.67796151Z
a5570c90397246c68205496c7f9bbe30,2026-02-10 10:21:12.647484+00:00,detect,2026-02-10 10:21:12.588047+00:00,2026-02-10T10:21:12.714522701Z
d7f4fbdbb5f32a9d19dc625d8b61c608,2026-02-10 10:19:26.027713+00:00,detect,2026-02-10 10:19:25.970213+00:00,2026-02-10T10:19:26.088699638Z
e65d93ddb44537075057918d81714927,2026-02-10 10:13:30.596660+00:00,detect,2026-02-10 10:13:30.476389+00:00,2026-02-10T10:13:30.625697447Z
48574de531bc6ef7d73106229ab5da4a,2026-02-10 10:19:50.867838+00:00,detect,2026-02-10 10:19:50.806003+00:00,2026-02-10T10:19:50.92579911Z
04e70889843d80213690a2e74d7356f5,2026-02-10 10:14:36.548223+00:00,detect,2026-02-10 10:14:36.492037+00:00,2026-02-10T10:14:36.619195713Z
29083dcff83220b21db586ee4ae068e7,2026-02-10 10:20:57.555603+00:00,detect,2026-02-10 10:20:57.458808+00:00,2026-02-10T10:20:57.57668579Z
babb35050d0e9eb62cf9f9b6843773a0,2026-02-10 10:15:29.545986+00:00,detect,2026-02-10 10:15:29.391102+00:00,2026-02-10T10:15:29.566656948Z
04a7f89b63d8e11667ac4896725e2267,2026-02-10 10:14:13.078806+00:00,detect,2026-02-10 10:14:13.015425+00:00,2026-02-10T10:14:13.144402479Z
a3c9a686385c822e2318c8331e90089d,2026-02-10 10:17:10.017652+00:00,detect,2026-02-10 10:17:09.955075+00:00,2026-02-10T10:17:10.07954878Z
a0e6e55b47290aa651e7fd841c59e385,2026-02-10 10:16:54.868679+00:00,detect,2026-02-10 10:16:54.816165+00:00,2026-02-10T10:16:54.935279217Z
6c347462bfb7a29ec59bdb2388af93f8,2026-02-10 10:19:19.576795+00:00,detect,2026-02-10 10:19:19.486503+00:00,2026-02-10T10:19:19.603680982Z
c3cdb0e9f66da2f113008726230529c2,2026-02-10 10:13:12.389011+00:00,detect,2026-02-10 10:13:12.319809+00:00,2026-02-10T10:13:12.446572071Z
7ba14f8b7d1cd214b8ec6ec3190082b2,2026-02-10 10:14:23.747701+00:00,detect,2026-02-10 10:14:23.570039+00:00,2026-02-10T10:14:23.801106596Z
3ebfc4955e05ccfc8f1ecbc622d4684b,2026-02-10 10:18:41.937963+00:00,detect,2026-02-10 10:18:41.876211+00:00,2026-02-10T10:18:42.001781279Z
0044a97bd9dde01e4b55260336cf73ba,2026-02-10 10:17:15.397676+00:00,detect,2026-02-10 10:17:15.341824+00:00,2026-02-10T10:17:15.465759291Z
5c222ef35baca6e3f67f1aad7405d692,2026-02-10 10:17:13.228249+00:00,detect,2026-02-10 10:17:13.165186+00:00,2026-02-10T10:17:13.288822213Z
9109ffed696548b12aa6b085b813363f,2026-02-10 10:11:59.379441+00:00,detect,2026-02-10 10:11:59.309777+00:00,2026-02-10T10:11:59.425887641Z
b9a83a1672bcfa180488dbac5a0bc836,2026-02-10 10:13:57.147505+00:00,detect,2026-02-10 10:13:57.036342+00:00,2026-02-10T10:13:57.195055052Z
76b639251f34460548ca9fcfdd4678f4,2026-02-10 10:15:30.590289+00:00,detect,2026-02-10 10:15:30.519845+00:00,2026-02-10T10:15:30.670507827Z
375eedcfbcc6ec5ab73dc95f288a9e4f,2026-02-10 10:14:44.038476+00:00,detect,2026-02-10 10:14:43.935950+00:00,2026-02-10T10:14:44.088790484Z
1b5c4023d423352b5026329e64a78249,2026-02-10 10:12:35.030184+00:00,detect,2026-02-10 10:12:34.960588+00:00,2026-02-10T10:12:35.086647699Z
7a0d1282c82cd4cad5399bc28bf0e69b,2026-02-10 10:11:38.081069+00:00,detect,2026-02-10 10:11:38.031912+00:00,2026-02-10T10:11:38.151217835Z
5628cc47fd3c6d29c5782023edb234e4,2026-02-10 10:13:15.609432+00:00,detect,2026-02-10 10:13:15.532805+00:00,2026-02-10T10:13:15.659795893Z
149f6eeb12e4951fc6185d2064724702,2026-02-10 10:18:54.798070+00:00,detect,2026-02-10 10:18:54.707568+00:00,2026-02-10T10:18:54.859368834Z
b1bfc9b14dd341e04377e88b202222d2,2026-02-10 10:19:14.167478+00:00,detect,2026-02-10 10:19:14.113775+00:00,2026-02-10T10:19:14.233384565Z
7b8c131c0f120b3e3479066f2121e10a,2026-02-10 10:13:05.899563+00:00,detect,2026-02-10 10:13:05.831858+00:00,2026-02-10T10:13:05.959068575Z
0bff9a83fffae31016352795d6f916e0,2026-02-10 10:17:01.338602+00:00,detect,2026-02-10 10:17:01.284361+00:00,2026-02-10T10:17:01.408458787Z
38f56f1db9bfe013a4d5ce9dba3d2e36,2026-02-10 10:18:19.277986+00:00,detect,2026-02-10 10:18:19.224153+00:00,2026-02-10T10:18:19.346003065Z
