trace_id,event_rate,start_time,end_time,total_time
06ca5627c34da6b5ed0535b30bf16a78,1000.0,2025-12-01T13:48:21.565001852Z,2025-12-01T13:48:21.578226635Z,13.224
04acbae220d1a4dff3e7989ed108923a,1165.0,2025-12-01T13:48:22.565134754Z,2025-12-01T13:48:22.578945362Z,13.809999999999999
d1999e0e8b69c86b9442b08e7efde899,1330.0,2025-12-01T13:48:23.565507618Z,2025-12-01T13:48:23.575466307Z,9.958
9ec38cc72d5a6d8012bda89a394716b9,1495.0,2025-12-01T13:48:24.566201233Z,2025-12-01T13:48:24.576168665Z,9.967
7320e1276f309abed1db5dc1354a4461,1660.0,2025-12-01T13:48:25.565393908Z,2025-12-01T13:48:25.574181599Z,8.786999999999999
13bb7ef4c2503d4b2ea61b58de2ba40f,1825.0,2025-12-01T13:48:26.565484214Z,2025-12-01T13:48:26.575491534Z,10.007
6184ae73c81c751a9cffc49234a9e40c,1990.0,2025-12-01T13:48:27.565533425Z,2025-12-01T13:48:27.575336556Z,9.802999999999999
d7820aa34daa1786199cee670a31d2e4,2155.0,2025-12-01T13:48:28.565976485Z,2025-12-01T13:48:28.577917632Z,11.941
4fc8297423ac74da0bc097a861712557,2320.0,2025-12-01T13:48:29.565653047Z,2025-12-01T13:48:29.584164802Z,18.511
3f1ec415940cf84531cbebe5775cf187,2485.0,2025-12-01T13:48:30.566803416Z,2025-12-01T13:48:30.579573357Z,12.769
6ffb83560b25abc85bad78b315310473,2650.0,2025-12-01T13:48:31.566313795Z,2025-12-01T13:48:31.580677356Z,14.363000000000001
6238bec69054e51e65f94b57375cfce4,2815.0,2025-12-01T13:48:32.566438143Z,2025-12-01T13:48:32.581992652Z,15.554
243614debdbc9c5965bba8799c3c8769,2980.0,2025-12-01T13:48:33.566616963Z,2025-12-01T13:48:33.580861225Z,14.244
75330f2d831543999d00dac7f59b42f4,3145.0,2025-12-01T13:48:34.56622722Z,2025-12-01T13:48:34.579739836Z,13.512
35bc1f7216ca00547eb68a8ea1d8a502,3310.0,2025-12-01T13:48:35.566963419Z,2025-12-01T13:48:35.580227282Z,13.263
06df4ebb253f190a3c592e5d6ffd1b69,3475.0,2025-12-01T13:48:36.566519974Z,2025-12-01T13:48:36.576228321Z,9.708
8b1d0ab667c9edcc415b26c261d9f73f,3640.0,2025-12-01T13:48:37.566753992Z,2025-12-01T13:48:37.596520605Z,29.766000000000002
b9afc4f472053688ee8989354060e111,3805.0,2025-12-01T13:48:38.566604303Z,2025-12-01T13:48:38.59211187Z,25.506999999999998
ce05c665064d4dd3032699ab993255a6,3970.0,2025-12-01T13:48:39.56587625Z,2025-12-01T13:48:39.574103371Z,8.227
1d2e4cdf2a7474cb423d167edf2a5883,4135.0,2025-12-01T13:48:40.566026265Z,2025-12-01T13:48:40.576049786Z,10.023000000000001
04efad5662d11d98c1f101d33f86992b,4300.0,2025-12-01T13:48:41.565866678Z,2025-12-01T13:48:41.576306071Z,10.439
d53541f199d05479ff8337f0ddc7cccf,4465.0,2025-12-01T13:48:42.566041949Z,2025-12-01T13:48:42.578094971Z,12.052999999999999
160035a163e782407cab993570c0db1a,4630.0,2025-12-01T13:48:43.56606783Z,2025-12-01T13:48:43.580072189Z,14.004000000000001
61a4b355207045970869c0fb59c62434,4795.0,2025-12-01T13:48:44.566577074Z,2025-12-01T13:48:44.582076361Z,15.499
b0a56cde6dee48b19e6d4d50df53f850,4960.0,2025-12-01T13:48:45.566537506Z,2025-12-01T13:48:45.579453473Z,12.915
4fc5fa6f234c58a6b9ec5a37a3cbb074,5125.0,2025-12-01T13:48:46.566833432Z,2025-12-01T13:48:46.574408051Z,7.574
27e64b888739b6eef482da62ce9ffad0,5290.0,2025-12-01T13:48:47.566684251Z,2025-12-01T13:48:47.582385365Z,15.701
84e4ebab63d04755745684ec43ddfe36,5455.0,2025-12-01T13:48:48.566901756Z,2025-12-01T13:48:48.573642999Z,6.741
124d87badaead1f6e0d8dabd9cb39784,5620.0,2025-12-01T13:48:49.566265606Z,2025-12-01T13:48:49.586498141Z,20.232
a56fd9d3cebcf84c5caf002ba817ba15,5785.0,2025-12-01T13:48:50.567071092Z,2025-12-01T13:48:50.576189763Z,9.117999999999999
923e305169d97efc252d4cf25a5af366,5950.0,2025-12-01T13:48:51.565866476Z,2025-12-01T13:48:51.580144451Z,14.277
f8f71cde55fd8289cf56d29563a7b1d9,6115.0,2025-12-01T13:48:52.566561975Z,2025-12-01T13:48:52.583532306Z,16.97
b8e10ca7b10ef25a624c8cc58500a16a,6280.0,2025-12-01T13:48:53.566880786Z,2025-12-01T13:48:53.572296352Z,5.415
c5b998da8c44abf2e52bfc7f58e4713e,6445.0,2025-12-01T13:48:54.566567956Z,2025-12-01T13:48:54.57410041Z,7.532
fe36b6210ee78ffa745a38590e2531b0,6610.0,2025-12-01T13:48:55.566697447Z,2025-12-01T13:48:55.576193438Z,9.495
091403461ca8805f5b10cab16f51484a,6775.0,2025-12-01T13:48:56.566741693Z,2025-12-01T13:48:56.577092115Z,10.35
dc6c67eebbd0f4d6947369a3c2762de9,6940.0,2025-12-01T13:48:57.565960919Z,2025-12-01T13:48:57.577194336Z,11.233
493e816df839515b5b888809e3492124,7105.0,2025-12-01T13:48:58.566875246Z,2025-12-01T13:48:58.578512212Z,11.636000000000001
09ae36425d9e01ad043a84d9dd1b7b62,7270.000000000001,2025-12-01T13:48:59.566545236Z,2025-12-01T13:48:59.573450459Z,6.904999999999999
f4c7c49077cfae6b95f7d462a22e92de,7435.0,2025-12-01T13:49:00.566919291Z,2025-12-01T13:49:00.578023109Z,11.103
5d7f647e20194021b93945284fbce319,7600.0,2025-12-01T13:49:01.566039459Z,2025-12-01T13:49:01.572850208Z,6.8100000000000005
525999f794f48c048f172a66aae7daef,7765.0,2025-12-01T13:49:02.566798233Z,2025-12-01T13:49:02.572239814Z,5.441
ed99a7d2d8f0fdbc730d48f1451c924f,7930.000000000001,2025-12-01T13:49:03.566119743Z,2025-12-01T13:49:03.575505014Z,9.385
adc10fa1317aaffb4ab5dd1ee8d90d85,8095.0,2025-12-01T13:49:04.566831763Z,2025-12-01T13:49:04.572592743Z,5.760000000000001
8fb5dda2a22ba2ed955fc22f908f40d5,8260.0,2025-12-01T13:49:05.566516235Z,2025-12-01T13:49:05.575944084Z,9.427
5dd85adc225b6c4b0b68dcd25dd137d0,8425.0,2025-12-01T13:49:06.565904124Z,2025-12-01T13:49:06.574301912Z,8.397
d8aab888155b44f7157d4188afbf9fb9,8590.0,2025-12-01T13:49:07.566557656Z,2025-12-01T13:49:07.575051439Z,8.493
925d0f505250d3edaa7ce470c04e2482,8755.0,2025-12-01T13:49:08.566701837Z,2025-12-01T13:49:08.573046449Z,6.343999999999999
413a88df6c8d1aa5449e02ff3fa7a614,8920.0,2025-12-01T13:49:09.566158801Z,2025-12-01T13:49:09.574033193Z,7.8740000000000006
81af05a492a8d661218b28c73a9bc0fe,9085.0,2025-12-01T13:49:10.56599016Z,2025-12-01T13:49:10.575953629Z,9.963
a27a2846dbd0237dc36bbc784f68b8be,9250.0,2025-12-01T13:49:11.565951235Z,2025-12-01T13:49:11.575282573Z,9.331000000000001
d816156c5e8b14006dfb927790dbc3d9,9415.0,2025-12-01T13:49:12.565944442Z,2025-12-01T13:49:12.572043528Z,6.099
0276bef7b177f3ba3a613c5eab2c756d,9580.0,2025-12-01T13:49:13.56599556Z,2025-12-01T13:49:13.571395553Z,5.399
55d01387c31855992575c1d1b392957d,9745.0,2025-12-01T13:49:14.566214899Z,2025-12-01T13:49:14.573799925Z,7.585
ce365ee17fb525499454aeeee8698725,9910.0,2025-12-01T13:49:15.566898839Z,2025-12-01T13:49:15.578726706Z,11.827
c44970ca2b59c37483a5f2f2d5fbfb66,10075.0,2025-12-01T13:49:16.566247908Z,2025-12-01T13:49:16.571806266Z,5.558
59dcbbb648b265114f2482526f87e203,10240.0,2025-12-01T13:49:17.566141175Z,2025-12-01T13:49:17.575763329Z,9.622
0e54b364ebd396f72d081e5b53d72751,10405.0,2025-12-01T13:49:18.565950704Z,2025-12-01T13:49:18.574682214Z,8.731
092dac15874f5bf61124ad9003042ab8,10570.0,2025-12-01T13:49:19.56686906Z,2025-12-01T13:49:19.584239507Z,17.37
07862b378e6a93f38ff510620839150e,10735.0,2025-12-01T13:49:20.566022933Z,2025-12-01T13:49:20.57462166Z,8.597999999999999
b2c003f8b8242236ab5cc8479779bcd7,10900.0,2025-12-01T13:49:21.566665936Z,2025-12-01T13:49:21.570695955Z,4.029999999999999
274f3a1c5db1d2c93c2a83e474ba28c7,11065.0,2025-12-01T13:49:22.566674681Z,2025-12-01T13:49:22.572526752Z,5.852
875c99cd698357a015ed22bdb603833b,11230.0,2025-12-01T13:49:23.566462066Z,2025-12-01T13:49:23.572658314Z,6.196
7f208d99f9f76be65968c58ce661ad41,11395.0,2025-12-01T13:49:24.567004301Z,2025-12-01T13:49:24.573103365Z,6.099
c442b5fbf883078dbc3dfa186545a9de,11560.0,2025-12-01T13:49:25.566256544Z,2025-12-01T13:49:25.573307697Z,7.051
b9123212c153a81dd46ec239b3b98593,11725.0,2025-12-01T13:49:26.566686809Z,2025-12-01T13:49:26.573254641Z,6.567
f4fa9c84718c1fe25cc523ed2b148677,11890.0,2025-12-01T13:49:27.565970712Z,2025-12-01T13:49:27.572444355Z,6.473
d0325756034113dc4e4b1f27489be0bb,12055.0,2025-12-01T13:49:28.565991287Z,2025-12-01T13:49:28.572917878Z,6.926
fbfff643c69aae2f7138cf43723d87e7,12220.0,2025-12-01T13:49:29.566232773Z,2025-12-01T13:49:29.575783139Z,9.549999999999999
328007fdcab068431c9a3109ed833d57,12385.0,2025-12-01T13:49:30.56698144Z,2025-12-01T13:49:30.574675406Z,7.6930000000000005
58da377c09a96a2868b6d8677aa692f5,12550.0,2025-12-01T13:49:31.566748825Z,2025-12-01T13:49:31.572704815Z,5.955
d1726e16e0657ad253158ba9386f5984,12715.0,2025-12-01T13:49:32.566403559Z,2025-12-01T13:49:32.572814264Z,6.41
b7fc430853db1a4e5a7740527ab23e32,12880.0,2025-12-01T13:49:33.566590903Z,2025-12-01T13:49:33.573917463Z,7.326
0fbd5cae032968cad23f9dfea2f39ada,13045.0,2025-12-01T13:49:34.56672097Z,2025-12-01T13:49:34.573779338Z,7.058
f81a84ba9b38f8e72ea222b8d08873f2,13210.0,2025-12-01T13:49:35.565993946Z,2025-12-01T13:49:35.573426201Z,7.432
f9df010b6ba351fd35d81a32b41d09e4,13375.0,2025-12-01T13:49:36.566000411Z,2025-12-01T13:49:36.573811753Z,7.811
5511b9f664a635ddaf9498124b2121c6,13540.000000000002,2025-12-01T13:49:37.56689686Z,2025-12-01T13:49:37.57370324Z,6.806
99513dd3648f211d86d437e09a425115,13705.0,2025-12-01T13:49:38.566702496Z,2025-12-01T13:49:38.575156265Z,8.453000000000001
ce3211007fd1e7dc5cac469d7de35d30,13870.0,2025-12-01T13:49:39.56587258Z,2025-12-01T13:49:39.571352286Z,5.479
92217b0a3fdcae232716666b7b194eea,14034.999999999998,2025-12-01T13:49:40.566909327Z,2025-12-01T13:49:40.57114676Z,4.237
a97bce9cb010a4e142a2fb55fc4b7bc5,14200.0,2025-12-01T13:49:41.566851662Z,2025-12-01T13:49:41.575031755Z,8.18
2747aa5a5fc9f4c5925dfd41a193c997,14365.0,2025-12-01T13:49:42.5659313Z,2025-12-01T13:49:42.571443712Z,5.5120000000000005
726bce89b1b495004b188653dd427b65,14530.0,2025-12-01T13:49:43.565947496Z,2025-12-01T13:49:43.572743905Z,6.796
91bbfb961308ee8c5215c914fe0415c0,14695.0,2025-12-01T13:49:44.565979077Z,2025-12-01T13:49:44.572212623Z,6.233
cdf2ff1688d304c887c89ef94f19ae0a,14860.000000000002,2025-12-01T13:49:45.565873651Z,2025-12-01T13:49:45.569528414Z,3.654
c09a88937873a9d4424013bad8b4ca5a,15025.0,2025-12-01T13:49:46.566959684Z,2025-12-01T13:49:46.572066628Z,5.106
3adee3881424a12942a4794e24a62d28,15190.0,2025-12-01T13:49:47.567024642Z,2025-12-01T13:49:47.572787705Z,5.763
9109e14dea47a55b8e8345f1458e5da0,15354.999999999998,2025-12-01T13:49:48.565866894Z,2025-12-01T13:49:48.570673603Z,4.806
92532712f2684f7da2cb58609fa85158,15520.0,2025-12-01T13:49:49.566189757Z,2025-12-01T13:49:49.574353907Z,8.164
6173d31b2b83d76db520365cc71219a8,15685.000000000002,2025-12-01T13:49:50.56594927Z,2025-12-01T13:49:50.573545442Z,7.596
193447082b39e23e417a030379a6647a,15850.0,2025-12-01T13:49:51.566771604Z,2025-12-01T13:49:51.573522952Z,6.751
026209129e61c70f6ab7750b06e09e33,16015.0,2025-12-01T13:49:52.566117451Z,2025-12-01T13:49:52.570385289Z,4.267
3f5ddffbad87b82412ec31832c863363,16179.999999999998,2025-12-01T13:49:53.565932753Z,2025-12-01T13:49:53.572980639Z,7.047000000000001
efa36c10f776d9d0d75eb7024732bba8,16345.0,2025-12-01T13:49:54.566706575Z,2025-12-01T13:49:54.575731324Z,9.024000000000001
e4146fc53c2e0f5729a260e04bf85a34,16510.0,2025-12-01T13:49:55.565930018Z,2025-12-01T13:49:55.572100535Z,6.17
11a5c0d1958bd66e606822786fd82de1,16675.0,2025-12-01T13:49:56.566325203Z,2025-12-01T13:49:56.572601509Z,6.276000000000001
d1ef29a52609624220735202b856e68d,16840.0,2025-12-01T13:49:57.566117205Z,2025-12-01T13:49:57.575699852Z,9.582
1cd6a0afe13616a53328c8de040fc798,17005.0,2025-12-01T13:49:58.566106499Z,2025-12-01T13:49:58.575429763Z,9.323
57df0ce57a9ba68990579d74217bfc03,17170.0,2025-12-01T13:49:59.565873465Z,2025-12-01T13:49:59.569233452Z,3.359
d70166d974077ede8899288a9f97b092,17335.0,2025-12-01T13:50:00.56594499Z,2025-12-01T13:50:00.568795047Z,2.85
234343de8c9d76b812f9cff7835cecbc,17500.0,2025-12-01T13:50:01.566386015Z,2025-12-01T13:50:01.570877099Z,4.4910000000000005
83936f586be0d143a91df4a82e5c04fe,17665.0,2025-12-01T13:50:02.566516914Z,2025-12-01T13:50:02.572196963Z,5.68
2f62ff481d8d78b54ea0b66ecccd4815,17830.0,2025-12-01T13:50:03.56622415Z,2025-12-01T13:50:03.572861877Z,6.637
5717f4268ee2143ae0ef5762a3deb5d9,17995.0,2025-12-01T13:50:04.566761756Z,2025-12-01T13:50:04.572192699Z,5.43
5faa9424508d41ce962e5011a8a057ba,18160.0,2025-12-01T13:50:05.566667514Z,2025-12-01T13:50:05.572324948Z,5.657
cdbc4a32919521c71dbd5611cbe3973b,18325.0,2025-12-01T13:50:06.566593963Z,2025-12-01T13:50:06.57279552Z,6.201
db848e6df722519126fd702b903ce61a,18490.0,2025-12-01T13:50:07.566754141Z,2025-12-01T13:50:07.573032654Z,6.278
14646cc13aeffd104774c56e8632fef1,18655.0,2025-12-01T13:50:08.56590955Z,2025-12-01T13:50:08.571872286Z,5.962000000000001
95b05df1c0160d89354e55d24100a476,18820.0,2025-12-01T13:50:09.566592363Z,2025-12-01T13:50:09.573284539Z,6.692
68c50aca8ab5461d8ba61512c6afe8fc,18985.0,2025-12-01T13:50:10.565941393Z,2025-12-01T13:50:10.572314717Z,6.373
81cb55915f09e90d933f827a97be6a8a,19150.0,2025-12-01T13:50:11.565981023Z,2025-12-01T13:50:11.57395798Z,7.976000000000001
32a47efc2c2b314ffdfda3a76d41959c,19315.0,2025-12-01T13:50:12.565920443Z,2025-12-01T13:50:12.570914018Z,4.993
5ed13724078f828c6cb133fbd48c6969,19480.0,2025-12-01T13:50:13.566631633Z,2025-12-01T13:50:13.572992285Z,6.36
d80aa8dcb8b846441b645f6b4357ca2f,19645.0,2025-12-01T13:50:14.56594133Z,2025-12-01T13:50:14.572652617Z,6.711
e6641e0be0d920dd3fce8344a53986f9,19810.0,2025-12-01T13:50:15.566770022Z,2025-12-01T13:50:15.57219988Z,5.428999999999999
296cab58d94458938b6726890d9a8825,19975.0,2025-12-01T13:50:16.565919201Z,2025-12-01T13:50:16.570207581Z,4.288
2b25b680e8b172c050467f308d256948,20140.0,2025-12-01T13:50:17.566147364Z,2025-12-01T13:50:17.572838559Z,6.691
c7f9520eccea709f8d3ce04301fa8f12,20305.0,2025-12-01T13:50:18.566026719Z,2025-12-01T13:50:18.573715727Z,7.689
6d258851a9ed4b0cac6c1360c0cd1cd6,20470.0,2025-12-01T13:50:19.565996419Z,2025-12-01T13:50:19.57355651Z,7.56
3bd184bbd51a8fd770bd5a79f3403dd8,20635.0,2025-12-01T13:50:20.565940624Z,2025-12-01T13:50:20.570271329Z,4.33
8ec3d1abc1491dd4d85559a9476e87a4,20800.0,2025-12-01T13:50:21.566028758Z,2025-12-01T13:50:21.574758031Z,8.729000000000001
3737414cb509aae5434fd2fd777ebc48,20965.0,2025-12-01T13:50:22.566981099Z,2025-12-01T13:50:22.574417852Z,7.436
af68b02634a082512d5b03aa27138b05,21130.0,2025-12-01T13:50:23.565980183Z,2025-12-01T13:50:23.572367751Z,6.3870000000000005
bcd7404e44e43db23f71a1134ba0ff37,21295.0,2025-12-01T13:50:24.565966036Z,2025-12-01T13:50:24.573485224Z,7.518999999999999
95a7a53514d0ec73394634f28a8eb243,21460.0,2025-12-01T13:50:25.566007695Z,2025-12-01T13:50:25.57231272Z,6.305
450fd105a19993b5ee132dfa1950facb,21625.0,2025-12-01T13:50:26.566043888Z,2025-12-01T13:50:26.573322274Z,7.278
ea7e437f4eb56d4bfb1956a5a319138f,21790.0,2025-12-01T13:50:27.565944696Z,2025-12-01T13:50:27.572575323Z,6.63
f8e1f6cfb62960340d74ff44edebf0c7,21955.0,2025-12-01T13:50:28.565984868Z,2025-12-01T13:50:28.572814942Z,6.83
e2671446012c39424dc994d73432d7a6,22120.0,2025-12-01T13:50:29.566142071Z,2025-12-01T13:50:29.572251739Z,6.109
0ebf119f4c47dc9ed4b7ad27cfbfa2e5,22285.0,2025-12-01T13:50:30.565903128Z,2025-12-01T13:50:30.568662592Z,2.7590000000000003
41ee2b4fdba8355fb8c1ba38a703f500,22450.0,2025-12-01T13:50:31.565918093Z,2025-12-01T13:50:31.573016297Z,7.098
13ebb6834637cd57ea09842bbe6de654,22615.0,2025-12-01T13:50:32.565982657Z,2025-12-01T13:50:32.573369417Z,7.386
8931ae8006046406b0a2f48fbe6f89be,22780.0,2025-12-01T13:50:33.56594987Z,2025-12-01T13:50:33.575584622Z,9.634
83c85cfef482f99a4c78fa2d7e24207b,22945.0,2025-12-01T13:50:34.566064352Z,2025-12-01T13:50:34.575351394Z,9.287
dfc266b4b6998fe4cbf6d0b992d4cb99,23110.0,2025-12-01T13:50:35.566083774Z,2025-12-01T13:50:35.573874914Z,7.791
afe07159cd2345391fc117bef812b641,23275.0,2025-12-01T13:50:36.56651039Z,2025-12-01T13:50:36.572006293Z,5.495
985f5c4664aafc89decd3f55abcd1be6,23440.0,2025-12-01T13:50:37.565986768Z,2025-12-01T13:50:37.575093697Z,9.106
aa72388e4f7bf732dca8eb878159db4c,23605.0,2025-12-01T13:50:38.566051015Z,2025-12-01T13:50:38.574494273Z,8.443000000000001
b9945c02f44de66029b30e38ac3d99c9,23770.0,2025-12-01T13:50:39.565972364Z,2025-12-01T13:50:39.571999201Z,6.026
7c4b0b4d58addfde94d80f12c4471d94,23935.0,2025-12-01T13:50:40.565954546Z,2025-12-01T13:50:40.57285508Z,6.8999999999999995
bac5febfc39fc26b33ad9befe4f622bf,24100.0,2025-12-01T13:50:41.566020339Z,2025-12-01T13:50:41.573583772Z,7.563000000000001
985f027b11f2a7fcd8a6892976f21247,24265.0,2025-12-01T13:50:42.566139283Z,2025-12-01T13:50:42.574522701Z,8.383
e9e5d38e3be06b542c3c0ce2823c5e10,24430.0,2025-12-01T13:50:43.565988239Z,2025-12-01T13:50:43.572073533Z,6.085
469e5e08122e415411704228b1201e78,24595.0,2025-12-01T13:50:44.566003951Z,2025-12-01T13:50:44.572462108Z,6.458
602425d12cf22b0394c112080a301908,24760.0,2025-12-01T13:50:45.565972144Z,2025-12-01T13:50:45.572402603Z,6.43
680877a61fc6f5d2a46791d6edd684e3,24925.0,2025-12-01T13:50:46.566990532Z,2025-12-01T13:50:46.574719166Z,7.728
e327075f73c625a4b52eb662171819c1,25090.0,2025-12-01T13:50:47.565937963Z,2025-12-01T13:50:47.572549554Z,6.611
03979ff63230da59aa7efe9463299d86,25255.0,2025-12-01T13:50:48.566041187Z,2025-12-01T13:50:48.574688344Z,8.647
3cb7a954feedb3739d71c4aa54ead879,25420.0,2025-12-01T13:50:49.566059066Z,2025-12-01T13:50:49.574463317Z,8.404
b51a97e6a14be9164a8e032fb56f737c,25585.0,2025-12-01T13:50:50.566007865Z,2025-12-01T13:50:50.573241823Z,7.233
508b7d4f2f2c9e5fde5aace93b721af9,25750.0,2025-12-01T13:50:51.566086216Z,2025-12-01T13:50:51.573859283Z,7.773000000000001
9bf5bc47e1b560778582f7174f963739,25915.0,2025-12-01T13:50:52.566013858Z,2025-12-01T13:50:52.573450623Z,7.436
b6a3ec8b0cecbf69d4aa67a3a8a2cee3,26080.000000000004,2025-12-01T13:50:53.566082945Z,2025-12-01T13:50:53.573119112Z,7.036
98fdf9e927459302e85939b2a9c7513f,26245.0,2025-12-01T13:50:54.565948301Z,2025-12-01T13:50:54.571763226Z,5.814
1fc78399e8744e8d9fc0369f0486266f,26410.0,2025-12-01T13:50:55.565933983Z,2025-12-01T13:50:55.572090096Z,6.156
e99bb33dd31dcd3cf52783857010aeda,26575.000000000004,2025-12-01T13:50:56.566039787Z,2025-12-01T13:50:56.574349973Z,8.31
99e7feae1a602c019beb3e437d2c8ccb,26740.0,2025-12-01T13:50:57.565976216Z,2025-12-01T13:50:57.570702073Z,4.725
07bf8c5404060f62035c87f3f495d154,26905.0,2025-12-01T13:50:58.565919763Z,2025-12-01T13:50:58.569990057Z,4.069999999999999
3119485f69533b614f9b1cb5b51fea53,27069.999999999996,2025-12-01T13:50:59.565916731Z,2025-12-01T13:50:59.570908804Z,4.992
6c281e59c6040dbfa114cea3de2e6012,27235.0,2025-12-01T13:51:00.566010863Z,2025-12-01T13:51:00.575366902Z,9.356
5ba1d9032de3d4c76e2cbfb02bf1b3c1,27400.0,2025-12-01T13:51:01.566088214Z,2025-12-01T13:51:01.574483948Z,8.395
8eefc93044cb9f9f464db6602fff6502,27564.999999999996,2025-12-01T13:51:02.566043786Z,2025-12-01T13:51:02.572926612Z,6.882
b80bbe7157d61656f661816a251ce3fd,27730.0,2025-12-01T13:51:03.566085685Z,2025-12-01T13:51:03.574634582Z,8.548
3cc3375b90f8cb4d18fe6ec8466080d1,27895.0,2025-12-01T13:51:04.566062246Z,2025-12-01T13:51:04.5754609Z,9.398
3ecb81e8bb5a84d31bf1723d9a5b867c,28060.0,2025-12-01T13:51:05.566020028Z,2025-12-01T13:51:05.576150649Z,10.13
6942e3ad1df2177189e05f821592f627,28225.000000000004,2025-12-01T13:51:06.5660503Z,2025-12-01T13:51:06.575014319Z,8.964
d5730a7da496f8e58e1a50c936a1f730,28390.0,2025-12-01T13:51:07.566082853Z,2025-12-01T13:51:07.57641296Z,10.33
7d527813bfc2ede9808b83c7096df44e,28555.0,2025-12-01T13:51:08.565963142Z,2025-12-01T13:51:08.571438405Z,5.475
71e7da6bd59ab295cd7cf82a7843e06a,28720.000000000004,2025-12-01T13:51:09.565908233Z,2025-12-01T13:51:09.573548479Z,7.64
5c38a1e02c920dcbed50ff6b15e8a43c,28885.0,2025-12-01T13:51:10.56603053Z,2025-12-01T13:51:10.574076508Z,8.045
df0615902923c97563f7847ebe3cb85d,29050.0,2025-12-01T13:51:11.566055541Z,2025-12-01T13:51:11.576268298Z,10.212
a940eecff2ad5739f44c0f5e5a11d69a,29214.999999999996,2025-12-01T13:51:12.566002504Z,2025-12-01T13:51:12.570615515Z,4.6129999999999995
87dc5b48b21fb3241c0de44b814000fd,29380.0,2025-12-01T13:51:13.566080713Z,2025-12-01T13:51:13.576000396Z,9.919
d76daf29cd8c915a8a57a1c4613bc25d,29545.0,2025-12-01T13:51:14.566044593Z,2025-12-01T13:51:14.574048324Z,8.003
3da17acb211abfd02a90b2c6852b32fa,29709.999999999996,2025-12-01T13:51:15.565916665Z,2025-12-01T13:51:15.575442278Z,9.525
7ed6cba0c577bec069879dcba3c62b61,29875.000000000004,2025-12-01T13:51:16.565985906Z,2025-12-01T13:51:16.57235536Z,6.369
4b98e4b4c6a5dcfcd6f5942b1e61c84f,30040.0,2025-12-01T13:51:17.565946712Z,2025-12-01T13:51:17.571148872Z,5.202
9c12f597fb28cd50a2651fd67be4041c,30205.0,2025-12-01T13:51:18.565910238Z,2025-12-01T13:51:18.571655169Z,5.744
f5f7a2ba5127d209fa92c92eabdaeebe,30370.000000000004,2025-12-01T13:51:19.565955151Z,2025-12-01T13:51:19.571696816Z,5.741
9330b77649b565ff55050e0e0704da8d,30535.0,2025-12-01T13:51:20.566030954Z,2025-12-01T13:51:20.573686807Z,7.655
0b72bff074d2af70a2f47c3de4a0f604,30700.0,2025-12-01T13:51:21.566126985Z,2025-12-01T13:51:21.573203165Z,7.076
eba108398e3146b778a03ef9de86114a,30865.000000000004,2025-12-01T13:51:22.566026915Z,2025-12-01T13:51:22.57637566Z,10.347999999999999
74ea60d99a6590732cf80e4a0239e024,31030.0,2025-12-01T13:51:23.565917855Z,2025-12-01T13:51:23.574926348Z,9.008000000000001
b0b04980f2a001f1741483a2d8e2baef,31195.0,2025-12-01T13:51:24.565905067Z,2025-12-01T13:51:24.575739972Z,9.834000000000001
9865424b62d4bea2c04accef6e4018e6,31359.999999999996,2025-12-01T13:51:25.566097258Z,2025-12-01T13:51:25.571965761Z,5.868
c5da144a722edb65e135627d4583dd9b,31525.0,2025-12-01T13:51:26.565990838Z,2025-12-01T13:51:26.572046824Z,6.055
5735545386da1bfc31a7282b3a9d7471,31690.0,2025-12-01T13:51:27.566083664Z,2025-12-01T13:51:27.573283276Z,7.199
b0ce18d45893b73aa6adc4a3c688f4a1,31854.999999999996,2025-12-01T13:51:28.566149906Z,2025-12-01T13:51:28.574716789Z,8.566
8e0155f6d5da84f894de1aade7cdeed4,32020.000000000004,2025-12-01T13:51:29.565967916Z,2025-12-01T13:51:29.574813189Z,8.845
332ea81fea3a35dcffcf668a46015936,32185.0,2025-12-01T13:51:30.566001573Z,2025-12-01T13:51:30.572080575Z,6.079000000000001
e34fa745eac439f7c89d88529f421e58,32350.0,2025-12-01T13:51:31.565929528Z,2025-12-01T13:51:31.570987054Z,5.0569999999999995
50d4b2d4d1bc3f5139b9bf5a615722cf,32515.000000000004,2025-12-01T13:51:32.566054064Z,2025-12-01T13:51:32.575057828Z,9.003
eeb289540159f7f14718bbbb8812e83f,32680.0,2025-12-01T13:51:33.566084258Z,2025-12-01T13:51:33.574669343Z,8.585
e2e5e2cf8835c2946d7db155cee88996,32845.0,2025-12-01T13:51:34.565977341Z,2025-12-01T13:51:34.571954436Z,5.976999999999999
8350fcf285b9f4d6f62f2c5a72e8c834,33010.0,2025-12-01T13:51:35.56592732Z,2025-12-01T13:51:35.576792649Z,10.865
a2b7a0c1753b0500e6c6a0a402af8fc3,33175.0,2025-12-01T13:51:36.565922253Z,2025-12-01T13:51:36.574407854Z,8.485
2ba37eedfe79e4040ada336b349787e2,33340.0,2025-12-01T13:51:37.565932919Z,2025-12-01T13:51:37.57128718Z,5.354
dbc90b5115a001f4815bd95983c55cb4,33505.0,2025-12-01T13:51:38.566004247Z,2025-12-01T13:51:38.573581497Z,7.577
6e872021e9a313af29d49915f3440257,33670.0,2025-12-01T13:51:39.565899591Z,2025-12-01T13:51:39.573416294Z,7.516
3194c3e93aef6adadef1894dbc6dc6b9,33835.0,2025-12-01T13:51:40.565901021Z,2025-12-01T13:51:40.572340096Z,6.439
4efe4cab6e6324f5cdc4fadad45c783e,34000.0,2025-12-01T13:51:41.565888126Z,2025-12-01T13:51:41.573962583Z,8.074
1b8cff8779c5cd035b16a6711b856be7,34165.0,2025-12-01T13:51:42.565957842Z,2025-12-01T13:51:42.573972583Z,8.014000000000001
8fd91508758403f498958d8a9512f525,34330.0,2025-12-01T13:51:43.565923779Z,2025-12-01T13:51:43.573030382Z,7.106000000000001
66e54a9e381fa320bfd6d3a7ed4e92a8,34495.0,2025-12-01T13:51:44.565934073Z,2025-12-01T13:51:44.571434811Z,5.5
9b3687b0d8701fd2d4cb389a908da872,34660.0,2025-12-01T13:51:45.565913981Z,2025-12-01T13:51:45.569171791Z,3.257
14ad3a638204bd1d00a85c8a079d33c0,34825.0,2025-12-01T13:51:46.565899435Z,2025-12-01T13:51:46.570807884Z,4.908
90c4305936a87375c5562f7077fdf4bc,34990.0,2025-12-01T13:51:47.565924296Z,2025-12-01T13:51:47.576090239Z,10.165000000000001
4068b59ee1080b01736b29e4c5fb5d1b,35155.0,2025-12-01T13:51:48.565934397Z,2025-12-01T13:51:48.580283928Z,14.349
c53148b7fdb21ad92f356be1d4ab66cb,35320.0,2025-12-01T13:51:49.565892896Z,2025-12-01T13:51:49.570497124Z,4.603999999999999
126a0dd69b1b5d6fc64b4f884a1c0e1d,35485.0,2025-12-01T13:51:50.565887543Z,2025-12-01T13:51:50.571841912Z,5.954
83202445bde6b12e87b58b55014b9c36,35650.0,2025-12-01T13:51:51.565942938Z,2025-12-01T13:51:51.573635561Z,7.692
48c5af88e18bddf7d9a9bcd78525a9ac,35815.0,2025-12-01T13:51:52.566030465Z,2025-12-01T13:51:52.573279496Z,7.2490000000000006
dfa8f7ae4279e96ee8d10727484085cf,35980.0,2025-12-01T13:51:53.565973561Z,2025-12-01T13:51:53.571242435Z,5.268
278906845aec6167989ea471a9798d60,36145.0,2025-12-01T13:51:54.566034794Z,2025-12-01T13:51:54.572759304Z,6.724
467f988d8e2c4abb5726f4be18acc993,36310.0,2025-12-01T13:51:55.566033124Z,2025-12-01T13:51:55.573086965Z,7.053
f13c35d61ccfcc22fd90f90bc0a80372,36475.0,2025-12-01T13:51:56.565919449Z,2025-12-01T13:51:56.573354963Z,7.435
42688f8b30650e74e9cfc7b3c56d1e10,36640.0,2025-12-01T13:51:57.565906046Z,2025-12-01T13:51:57.576811158Z,10.905
9f8230a32f0ca779b8956a1c4a3284a0,36805.0,2025-12-01T13:51:58.565907805Z,2025-12-01T13:51:58.570984647Z,5.076
cd4f8c425b64d2f8e9b5e83112fa05c2,36970.0,2025-12-01T13:51:59.565898197Z,2025-12-01T13:51:59.572750386Z,6.851999999999999
a97024ee018db188f740e9543c9bd578,37135.0,2025-12-01T13:52:00.565896987Z,2025-12-01T13:52:00.573678194Z,7.781
6274c331675a6826e426e77c0666aca1,37300.0,2025-12-01T13:52:01.565897517Z,2025-12-01T13:52:01.570182314Z,4.284
baf0ff333d7c8c99f71724cd4119f865,37465.0,2025-12-01T13:52:02.565917452Z,2025-12-01T13:52:02.571748902Z,5.831
a763910a04f34b74899dcf785b205d82,37630.0,2025-12-01T13:52:03.565941698Z,2025-12-01T13:52:03.581634432Z,15.692000000000002
a15670116eb82de6194dbbb4bdad180d,37795.0,2025-12-01T13:52:04.565959874Z,2025-12-01T13:52:04.571925673Z,5.965
a2b1d2c6473acf6a90641c541184447b,37960.0,2025-12-01T13:52:05.566008233Z,2025-12-01T13:52:05.572110675Z,6.101999999999999
c8ab5c45a7df58000075fc0730c7cfb3,38125.0,2025-12-01T13:52:06.566093184Z,2025-12-01T13:52:06.574693583Z,8.6
a472ac0860ded02e6d39f72b0849083f,38290.0,2025-12-01T13:52:07.565907371Z,2025-12-01T13:52:07.568246351Z,2.3379999999999996
4a50df54377329530ce4ca578f11577f,38455.0,2025-12-01T13:52:08.56605562Z,2025-12-01T13:52:08.56955302Z,3.497
88b37b1b12f585a99110b9484b7b24c8,38620.0,2025-12-01T13:52:09.565951368Z,2025-12-01T13:52:09.571619588Z,5.668
dc680ca2d454ed14a443ddfeb3b37e31,38785.0,2025-12-01T13:52:10.566020841Z,2025-12-01T13:52:10.572415688Z,6.394
b02d2ccab00bd2cf79c097d77b185f8c,38950.0,2025-12-01T13:52:11.565900218Z,2025-12-01T13:52:11.572735028Z,6.834
def4e2ba783ca62306c04d68f83e5550,39115.0,2025-12-01T13:52:12.565922465Z,2025-12-01T13:52:12.570094998Z,4.172000000000001
44978564a2016d49ba2cf869ccdc219a,39280.0,2025-12-01T13:52:13.565939678Z,2025-12-01T13:52:13.568288714Z,2.3489999999999998
602ff5704151ae1d8b53c0d0fc96f43d,39445.0,2025-12-01T13:52:14.565987951Z,2025-12-01T13:52:14.572213616Z,6.225
f40347ada40d6481bbf3c9506a2ccb39,39610.0,2025-12-01T13:52:15.566083033Z,2025-12-01T13:52:15.575026417Z,8.943
abc3cd049539d870ba446e8ef148bb69,39775.0,2025-12-01T13:52:16.56595665Z,2025-12-01T13:52:16.571527801Z,5.571000000000001
0fb059f55a50458b41f460198a6282e8,39940.0,2025-12-01T13:52:17.565889133Z,2025-12-01T13:52:17.572466512Z,6.577
06e4155ea16f13f089ec39e5c8188ccc,40105.0,2025-12-01T13:52:18.565888791Z,2025-12-01T13:52:18.571367911Z,5.479
231e6d5625eb52d055a8c4ff91910e0f,40270.0,2025-12-01T13:52:19.565899871Z,2025-12-01T13:52:19.569632974Z,3.733
532d36cc361c24fa13240bde4ebd6a56,40435.0,2025-12-01T13:52:20.565953037Z,2025-12-01T13:52:20.573694597Z,7.741
15ec752e958ba6283551099300420559,40600.0,2025-12-01T13:52:21.565956237Z,2025-12-01T13:52:21.573738418Z,7.782
8335723d99d33f1a82f17e8f5ef19e7b,40765.0,2025-12-01T13:52:22.565928127Z,2025-12-01T13:52:22.572754948Z,6.826
b85a820e8f924d6ee75023ea0b75058f,40930.0,2025-12-01T13:52:23.565926649Z,2025-12-01T13:52:23.570422763Z,4.496
9802fa883d05fb88dff284d6899ea392,41095.0,2025-12-01T13:52:24.565957735Z,2025-12-01T13:52:24.571335158Z,5.377
ab7770efa97ecee7dcce8cfbbd8cae88,41260.0,2025-12-01T13:52:25.565969495Z,2025-12-01T13:52:25.577253141Z,11.283
3e7bc922f164831970dfa78391a0ba2c,41425.0,2025-12-01T13:52:26.565925796Z,2025-12-01T13:52:26.57466357Z,8.737
9c2f968756dd75a69594bd905504b316,41590.0,2025-12-01T13:52:27.56591967Z,2025-12-01T13:52:27.569497846Z,3.578
7274c32dbaa5c2a9bbb0887c54a5325a,41755.0,2025-12-01T13:52:28.565910436Z,2025-12-01T13:52:28.568952445Z,3.042
6e5f33ea336943d8063c76098af296a2,41920.0,2025-12-01T13:52:29.565883278Z,2025-12-01T13:52:29.568369887Z,2.4859999999999998
74f99cbeb54e5f418f8924af25435dfb,42085.0,2025-12-01T13:52:30.565923307Z,2025-12-01T13:52:30.568513795Z,2.59
92bc1310fc7839964302e354d675428b,42250.0,2025-12-01T13:52:31.565898807Z,2025-12-01T13:52:31.568343404Z,2.444
90795ceb5ea3eb5ca350c2c9a3304171,42415.0,2025-12-01T13:52:32.565917633Z,2025-12-01T13:52:32.568438174Z,2.52
f24b0573910d45fd3f859cf124e0a1a2,42580.0,2025-12-01T13:52:33.56599899Z,2025-12-01T13:52:33.568866374Z,2.867
3bbf7a0fd25a410285419d86736e5bf6,42745.0,2025-12-01T13:52:34.565979756Z,2025-12-01T13:52:34.568463598Z,2.483
2223d3cd17da294ea9907c54b7614972,42910.0,2025-12-01T13:52:35.566007675Z,2025-12-01T13:52:35.573923886Z,7.9159999999999995
bcf346e51a671789c112853452fb48c4,43075.0,2025-12-01T13:52:36.565935547Z,2025-12-01T13:52:36.575288974Z,9.353
e9c71e6429204cebe92f3e24bb1e80e1,43240.0,2025-12-01T13:52:37.565913579Z,2025-12-01T13:52:37.573254667Z,7.341
c99d032cec3891917cecc850ac3935ad,43405.0,2025-12-01T13:52:38.56590971Z,2025-12-01T13:52:38.574029872Z,8.120000000000001
378e4028e5a069a7d73f375266ac571c,43570.0,2025-12-01T13:52:39.56593925Z,2025-12-01T13:52:39.572039595Z,6.1000000000000005
307777fe64e56d83e1bae79a83618045,43735.0,2025-12-01T13:52:40.565893775Z,2025-12-01T13:52:40.572084103Z,6.19
e7e00282b13e67d3d50807f4c701e8a8,43900.0,2025-12-01T13:52:41.565936527Z,2025-12-01T13:52:41.571896116Z,5.959
46211ca77af34d13e1d1812abdff6aa6,44065.0,2025-12-01T13:52:42.565956061Z,2025-12-01T13:52:42.5729344Z,6.978
0a3915c6b852d2ffe042f637c4ae6dec,44230.0,2025-12-01T13:52:43.565952684Z,2025-12-01T13:52:43.575172408Z,9.219
73ae42c2f31f4d964a325b9d66c61889,44395.0,2025-12-01T13:52:44.565904721Z,2025-12-01T13:52:44.568254445Z,2.3489999999999998
fd1281144bc010f3cb675d409e05c596,44560.0,2025-12-01T13:52:45.565888813Z,2025-12-01T13:52:45.568213994Z,2.3249999999999997
e75b5b66020e0afb0a6e6b0efa70aae7,44725.0,2025-12-01T13:52:46.565922238Z,2025-12-01T13:52:46.570167312Z,4.244999999999999
179ed8b0d83dd0ee7a1ffef96c73f679,44890.0,2025-12-01T13:52:47.565915196Z,2025-12-01T13:52:47.569916972Z,4.001
796a36575c8b6f9dba34e2da39dd3c00,45055.0,2025-12-01T13:52:48.565896511Z,2025-12-01T13:52:48.568562039Z,2.665
6a01aaa455e2c3ddfd7a0bf4a7ee074a,45220.0,2025-12-01T13:52:49.565978755Z,2025-12-01T13:52:49.56851641Z,2.5370000000000004
f10f0d7194823880d6b2e6292d093d74,45385.0,2025-12-01T13:52:50.565968777Z,2025-12-01T13:52:50.574896896Z,8.928
636e609c38dd71d8d618f457bbd4cd04,45550.0,2025-12-01T13:52:51.565986893Z,2025-12-01T13:52:51.569465983Z,3.479
99968dca93dfeb31d3635f34ce53ad14,45715.0,2025-12-01T13:52:52.565887964Z,2025-12-01T13:52:52.570016992Z,4.129
ecaaaf099476d381773e7664d5f991b4,45880.0,2025-12-01T13:52:53.565931813Z,2025-12-01T13:52:53.570398583Z,4.466
ccb27190fb01a82a1506e00102dfdbdc,46045.0,2025-12-01T13:52:54.56593577Z,2025-12-01T13:52:54.570129724Z,4.193
b21d17be71cbf1c9613a5f402fbbae5c,46210.0,2025-12-01T13:52:55.565953977Z,2025-12-01T13:52:55.571544892Z,5.590000000000001
16e2f9029efc58bc59265b24556eafd3,46375.0,2025-12-01T13:52:56.566060974Z,2025-12-01T13:52:56.572921043Z,6.859999999999999
bdefd461f2fb189736d3eda39108c2e9,46540.0,2025-12-01T13:52:57.565975227Z,2025-12-01T13:52:57.569342098Z,3.366
96bf5173ea726600080fd6de149470a0,46705.0,2025-12-01T13:52:58.56601971Z,2025-12-01T13:52:58.568772631Z,2.7520000000000002
34b37a724e2a72105f984fc7ff39063e,46870.0,2025-12-01T13:52:59.56605711Z,2025-12-01T13:52:59.571736172Z,5.679
225eaf0e4c31943874fc9a338a0513b5,47035.0,2025-12-01T13:53:00.565950114Z,2025-12-01T13:53:00.570868243Z,4.917999999999999
2cf3c39f2cdf3a777108d9a70cb923c9,47200.0,2025-12-01T13:53:01.56599713Z,2025-12-01T13:53:01.57107037Z,5.073
1e32a239eedc7849f0ee6359d0c5223a,47365.0,2025-12-01T13:53:02.565930813Z,2025-12-01T13:53:02.573804182Z,7.873
882b271d7633434299ba57444e2d740b,47530.0,2025-12-01T13:53:03.565918103Z,2025-12-01T13:53:03.569145342Z,3.227
db574bff5bc3a09dfb9fcfdeec6bf885,47695.0,2025-12-01T13:53:04.56593154Z,2025-12-01T13:53:04.569039294Z,3.1069999999999998
23e46ed0d83706d390a1b3006fad8395,47860.0,2025-12-01T13:53:05.565941292Z,2025-12-01T13:53:05.570026341Z,4.085
dc9544a074679453fa4313f99414f729,48025.0,2025-12-01T13:53:06.565901689Z,2025-12-01T13:53:06.568912027Z,3.0100000000000002
9f9863f9e5d5a80c1361aec3991aca3d,48190.0,2025-12-01T13:53:07.565973173Z,2025-12-01T13:53:07.569245861Z,3.2720000000000002
8269066abc5a4f7002992235765bdd43,48355.0,2025-12-01T13:53:08.566009065Z,2025-12-01T13:53:08.568587728Z,2.578
6d114670f58731343cc2e3feaabf14aa,48520.0,2025-12-01T13:53:09.565961174Z,2025-12-01T13:53:09.568637816Z,2.676
406641c76257fb99e0e55976de28d17d,48685.0,2025-12-01T13:53:10.565992411Z,2025-12-01T13:53:10.570295828Z,4.303000000000001
de1bf36bd8f7e2f9eb2aa4fc9616a931,48850.0,2025-12-01T13:53:11.566066845Z,2025-12-01T13:53:11.572334223Z,6.267
b809273a1be7d91390fa862c9c831fb0,49015.0,2025-12-01T13:53:12.565980196Z,2025-12-01T13:53:12.57029039Z,4.31
c597fd0b5eace31ba1e3379bfe71f8c3,49180.0,2025-12-01T13:53:13.565941426Z,2025-12-01T13:53:13.568543941Z,2.6020000000000003
bdb4e8d12bdbcaf810936e51f3dbd342,49345.0,2025-12-01T13:53:14.565923673Z,2025-12-01T13:53:14.568400267Z,2.476
c581be30c56db69920c92026f7ad4d6f,49510.0,2025-12-01T13:53:15.566362916Z,2025-12-01T13:53:15.578616804Z,12.253
f8fac4229b82ca7f7944c9060e0fda45,49675.0,2025-12-01T13:53:16.566057913Z,2025-12-01T13:53:16.571119468Z,5.061000000000001
ebf9a3658def86285ed3fa0aefd67cb6,49840.0,2025-12-01T13:53:17.566018338Z,2025-12-01T13:53:17.573507488Z,7.489
c20139d34155910a8d066635aa549c92,50005.0,2025-12-01T13:53:18.565949079Z,2025-12-01T13:53:18.573308924Z,7.359
213f567c5e3b7bd72038c903ecf44f8e,50170.0,2025-12-01T13:53:19.566116825Z,2025-12-01T13:53:19.570125389Z,4.008
755cee78c4e7b8d8681aad982954a9dd,50335.0,2025-12-01T13:53:20.565999661Z,2025-12-01T13:53:20.570276824Z,4.277
ba193ac383d4f8f9a072c3bb07ac2a48,50500.0,2025-12-01T13:53:21.566026299Z,2025-12-01T13:53:21.572331352Z,6.305
5209a526ce2f359ceec50316cc784ff0,50665.00000000001,2025-12-01T13:53:22.566023361Z,2025-12-01T13:53:22.568790407Z,2.767
200e27342701e60adc996f1bfe2fbb11,50830.0,2025-12-01T13:53:23.565944477Z,2025-12-01T13:53:23.568469568Z,2.525
cf2f9157d8f3c4718e5586d2369c884c,50995.0,2025-12-01T13:53:24.566059684Z,2025-12-01T13:53:24.568706752Z,2.6470000000000002
66a3ea1b6d025a55d6e1386b5e942a9e,51160.00000000001,2025-12-01T13:53:25.566217913Z,2025-12-01T13:53:25.57668148Z,10.463000000000001
03679b78d0a5eb88707c8e0a69c1f865,51325.0,2025-12-01T13:53:26.565958591Z,2025-12-01T13:53:26.569513961Z,3.555
68fd1818309366a3687ade6967a86eca,51490.0,2025-12-01T13:53:27.565911313Z,2025-12-01T13:53:27.569087485Z,3.176
7951d3fd21803fa59e5a4e7cf23677c0,51655.00000000001,2025-12-01T13:53:28.565933554Z,2025-12-01T13:53:28.569001021Z,3.0669999999999997
3eade228ad2425a486adb0beb391e1ad,51820.0,2025-12-01T13:53:29.565947237Z,2025-12-01T13:53:29.568415758Z,2.468
ecbd19c2a04e7bcc96239ed6fc6c8195,51985.0,2025-12-01T13:53:30.565960287Z,2025-12-01T13:53:30.568380182Z,2.419
48616bacc20faf5ff12e3a1c3c31d87b,52150.00000000001,2025-12-01T13:53:31.565922504Z,2025-12-01T13:53:31.568590432Z,2.6670000000000003
7c8e08155776457587b77089d104580c,52315.0,2025-12-01T13:53:32.565918544Z,2025-12-01T13:53:32.568412289Z,2.493
cfd58363713dbe7eedb580de736d4488,52480.0,2025-12-01T13:53:33.565917897Z,2025-12-01T13:53:33.569410109Z,3.492
7f811eab8464a54857a4534186c58429,52644.99999999999,2025-12-01T13:53:34.566059744Z,2025-12-01T13:53:34.578429948Z,12.370000000000001
a16a9d8712ba683962bb2bc77f28c120,52810.0,2025-12-01T13:53:35.565983963Z,2025-12-01T13:53:35.569398622Z,3.414
45569d5538faeff40bf3cfc8bf22cf47,52975.0,2025-12-01T13:53:36.565913007Z,2025-12-01T13:53:36.568682362Z,2.769
61f45f670c33e18fa0f3703315f79fda,53139.99999999999,2025-12-01T13:53:37.565912857Z,2025-12-01T13:53:37.56856586Z,2.653
523dc22d1f47be19bd99acb9703a7b78,53305.0,2025-12-01T13:53:38.565982683Z,2025-12-01T13:53:38.568622932Z,2.64
8e16ccba31d4cab62f22f04823d0db68,53470.0,2025-12-01T13:53:39.5659998Z,2025-12-01T13:53:39.577017364Z,11.017000000000001
58da721173a2124537217e9177ddfc84,53634.99999999999,2025-12-01T13:53:40.56595087Z,2025-12-01T13:53:40.569388084Z,3.437
cb708983e6f89d55a45c07dadfcbae4f,53800.0,2025-12-01T13:53:41.565923003Z,2025-12-01T13:53:41.569213234Z,3.29
7afc7e1fa03cc38c1f0d8c29e56b0f96,53965.0,2025-12-01T13:53:42.565976181Z,2025-12-01T13:53:42.568776729Z,2.8
e668b4481f4e94af6e4c580958464db9,54129.99999999999,2025-12-01T13:53:43.56591492Z,2025-12-01T13:53:43.5680747Z,2.159
02a357a20dedb95940a453b46e91d4fb,54295.0,2025-12-01T13:53:44.565906398Z,2025-12-01T13:53:44.568453896Z,2.5469999999999997
a6494000b78fab32cdacc85dfb069c80,54460.0,2025-12-01T13:53:45.565982342Z,2025-12-01T13:53:45.56934283Z,3.3600000000000003
0eafa0445711784156591290d1f5b87f,54624.99999999999,2025-12-01T13:53:46.565968643Z,2025-12-01T13:53:46.569589156Z,3.62
57fee7807ed727aa3da19fbe7082e0d6,54790.0,2025-12-01T13:53:47.56593013Z,2025-12-01T13:53:47.568304096Z,2.373
ce501a739259f593aed778142cf3b25d,54955.00000000001,2025-12-01T13:53:48.56599951Z,2025-12-01T13:53:48.568527666Z,2.528
e5f3ef318bd7533321d2ccd37e55cf37,55120.0,2025-12-01T13:53:49.566102013Z,2025-12-01T13:53:49.571192905Z,5.09
0849bd56ea282d5185ea3110201b2201,55285.0,2025-12-01T13:53:50.565934286Z,2025-12-01T13:53:50.569161778Z,3.227
c0b08e0a43c739d320be8ef1598982a3,55450.00000000001,2025-12-01T13:53:51.565953708Z,2025-12-01T13:53:51.569467227Z,3.513
9ecf4a0be30ce57cfa6512a18b6aa314,55615.0,2025-12-01T13:53:52.565945671Z,2025-12-01T13:53:52.568305884Z,2.3600000000000003
c0e933dd83bfc822af1bc6a859590045,55780.0,2025-12-01T13:53:53.565911394Z,2025-12-01T13:53:53.569402582Z,3.491
17c1d107a288d9ac7aebde9ac48449e2,55945.00000000001,2025-12-01T13:53:54.566513221Z,2025-12-01T13:53:54.585175436Z,18.662000000000003
13d59deaa2a5d656a423f5fafe2bedb5,56110.0,2025-12-01T13:53:55.566288538Z,2025-12-01T13:53:55.575804924Z,9.516
19c6c2985ebcdb62bd654f13bb3fa8d0,56275.0,2025-12-01T13:53:56.565907357Z,2025-12-01T13:53:56.568231508Z,2.3240000000000003
d139b1cfc2e64dab5fa48b3074ec8f51,56440.00000000001,2025-12-01T13:53:57.566094075Z,2025-12-01T13:53:57.587644411Z,21.55
e8e4dccfba5d04955bc852f9f191a904,56605.0,2025-12-01T13:53:58.56600009Z,2025-12-01T13:53:58.571865912Z,5.865
cdb9d2795a1b94779eae2e067bab22fd,56770.0,2025-12-01T13:53:59.565956602Z,2025-12-01T13:53:59.568298794Z,2.342
5ac2808fde53424232ba4f11e3a26c17,56934.99999999999,2025-12-01T13:54:00.565956573Z,2025-12-01T13:54:00.569645128Z,3.6879999999999997
9a5ed38a3f19cefc626275ac9e10b1c8,57100.0,2025-12-01T13:54:01.566201355Z,2025-12-01T13:54:01.575186012Z,8.984
9d66a930ad1639951994a00e19931ee7,57265.0,2025-12-01T13:54:02.568013045Z,2025-12-01T13:54:02.594535279Z,26.522000000000002
cd5361dfded4359d083d80d8db068ca4,57429.99999999999,2025-12-01T13:54:03.566577193Z,2025-12-01T13:54:03.576193262Z,9.616
e67b9e310945b40f1628fff6a264a732,57595.0,2025-12-01T13:54:04.565997671Z,2025-12-01T13:54:04.575141901Z,9.144
7ce2014269671954e1d1972790c2e5c4,57760.0,2025-12-01T13:54:05.56597169Z,2025-12-01T13:54:05.568304014Z,2.332
78d39caa9188261557ae2ab63566b32f,57924.99999999999,2025-12-01T13:54:06.569765379Z,2025-12-01T13:54:06.601583147Z,31.816999999999997
c5ec8ebbfce811d5994d19d0727b7fc0,58090.0,2025-12-01T13:54:07.565947535Z,2025-12-01T13:54:07.568307701Z,2.3600000000000003
53b8e90411322c333854a797405d4f68,58255.0,2025-12-01T13:54:08.565973329Z,2025-12-01T13:54:08.576458539Z,10.485
8856681a21d5febd7229aa542298699d,58419.99999999999,2025-12-01T13:54:09.565911783Z,2025-12-01T13:54:09.568351551Z,2.439
47c4bc0704b86595d5fc6a1b0b13fbaf,58585.0,2025-12-01T13:54:10.565914923Z,2025-12-01T13:54:10.568381164Z,2.4659999999999997
7afabd3ae2e38e6b1d0ebdcec325d0fe,58750.00000000001,2025-12-01T13:54:11.56600397Z,2025-12-01T13:54:11.568516914Z,2.512
419ea3d99c740798bdfa6e49f09df265,58915.0,2025-12-01T13:54:12.565925529Z,2025-12-01T13:54:12.568311948Z,2.386
97f982dc2b16481a6bc625e38719cf76,59080.0,2025-12-01T13:54:13.565949056Z,2025-12-01T13:54:13.568252453Z,2.303
75fb51c07e12fad2ee3aabec89f9b10e,59245.00000000001,2025-12-01T13:54:14.565907335Z,2025-12-01T13:54:14.568208157Z,2.3
2b0d7d09d288a0b2b4ee829e7644c0bc,59410.0,2025-12-01T13:54:15.566077006Z,2025-12-01T13:54:15.57430079Z,8.222999999999999
d95d797e51fe85c137538a4b26fa3777,59575.0,2025-12-01T13:54:16.565930865Z,2025-12-01T13:54:16.568193137Z,2.262
9e3848ef364f2f58e80550293beffb70,59740.00000000001,2025-12-01T13:54:17.565951854Z,2025-12-01T13:54:17.568193541Z,2.241
9c2a381dee9ad711812b89aa5d788ad8,59905.0,2025-12-01T13:54:18.56625775Z,2025-12-01T13:54:18.573579101Z,7.321000000000001
11df768960557b02a3a08e368d17b2a0,60070.0,2025-12-01T13:54:19.565946937Z,2025-12-01T13:54:19.568534504Z,2.5869999999999997
6065ca3f26b4e021b3e9afd563c77204,60235.00000000001,2025-12-01T13:54:20.565903755Z,2025-12-01T13:54:20.568356899Z,2.453
f332ef00bb497cce6af11c40f9482653,60400.0,2025-12-01T13:54:21.565974721Z,2025-12-01T13:54:21.568464208Z,2.489
8710f616fc5226e2209a6eaa58665c19,60565.0,2025-12-01T13:54:22.565909308Z,2025-12-01T13:54:22.56845746Z,2.548
edeb4c1b8a3025fbd5d663d85d22a6b1,60730.00000000001,2025-12-01T13:54:23.565961476Z,2025-12-01T13:54:23.568156591Z,2.195
d9ea3e13114e55904c0d1758f94cf109,60895.0,2025-12-01T13:54:24.566180996Z,2025-12-01T13:54:24.575710175Z,9.529
757abdf3693e1db5f7b590bbf1b3e7c9,61060.0,2025-12-01T13:54:25.565903976Z,2025-12-01T13:54:25.568128685Z,2.2239999999999998
dbbd6016e6793c5f7b60dad8c1713f63,61224.99999999999,2025-12-01T13:54:26.565904112Z,2025-12-01T13:54:26.568451913Z,2.5469999999999997
095b8f08e199858309f8495ab63a020b,61390.0,2025-12-01T13:54:27.565937098Z,2025-12-01T13:54:27.568312265Z,2.375
4a4e3b1b546f63595c577fee4eb13967,61555.0,2025-12-01T13:54:28.5659306Z,2025-12-01T13:54:28.568292819Z,2.362
36a37c04e282e12a860a1454de6ffca7,61719.99999999999,2025-12-01T13:54:29.565940925Z,2025-12-01T13:54:29.568603829Z,2.662
fdf0bed02026227e07d9b2ed3734ba83,61885.0,2025-12-01T13:54:30.565962203Z,2025-12-01T13:54:30.568564412Z,2.6020000000000003
5317812f01a8793b5cebd7d07ed34346,62050.0,2025-12-01T13:54:31.565934235Z,2025-12-01T13:54:31.568238734Z,2.3040000000000003
b38e5d60fd8b72a11a0b2fbc4b16f487,62214.99999999999,2025-12-01T13:54:32.56592279Z,2025-12-01T13:54:32.568389069Z,2.4659999999999997
b0e86173c598573ca05848fe780293b1,62380.0,2025-12-01T13:54:33.566810943Z,2025-12-01T13:54:33.613287936Z,46.476000000000006
715575390d8490dfd83f4d217dbdf9d2,62545.0,2025-12-01T13:54:34.565977763Z,2025-12-01T13:54:34.569845806Z,3.868
0281e22e19e1a4474505757521ca0f7a,62709.99999999999,2025-12-01T13:54:35.565935362Z,2025-12-01T13:54:35.568151274Z,2.215
ac9e7de81693f269b27691fd3d2c94ce,62875.0,2025-12-01T13:54:36.566430549Z,2025-12-01T13:54:36.595391984Z,28.961000000000002
f402bed9676146f8670a3278f8c22ad4,63040.00000000001,2025-12-01T13:54:37.565932416Z,2025-12-01T13:54:37.568556434Z,2.624
7b59d2553617144029e4143d6ef76e5b,63205.0,2025-12-01T13:54:38.565971017Z,2025-12-01T13:54:38.568984152Z,3.013
976e86f7eda27cc490dee05bcfbb0cad,63370.0,2025-12-01T13:54:39.565925747Z,2025-12-01T13:54:39.56915446Z,3.2279999999999998
d48b002820f5c4feccc0f4410663476f,63535.00000000001,2025-12-01T13:54:40.565971432Z,2025-12-01T13:54:40.568490718Z,2.519
50f393825e3af429c3bca249a0498a7d,63700.0,2025-12-01T13:54:41.566052239Z,2025-12-01T13:54:41.568973327Z,2.921
c233d377d349efe65d9b7f7a26664221,63865.0,2025-12-01T13:54:42.565954499Z,2025-12-01T13:54:42.568447693Z,2.493
cef0ff4da9759bef8f3cefaa5620d2f5,64030.00000000001,2025-12-01T13:54:43.565962211Z,2025-12-01T13:54:43.568461622Z,2.499
bea66d04ac1e92c5f2003ef8d713c55c,64195.0,2025-12-01T13:54:44.565932424Z,2025-12-01T13:54:44.568751184Z,2.818
1d78a37183622134542e730ae9144f4c,64360.0,2025-12-01T13:54:45.565998681Z,2025-12-01T13:54:45.568850258Z,2.851
0a4419a6577bfda39dea127fe578ef12,64525.00000000001,2025-12-01T13:54:46.565966346Z,2025-12-01T13:54:46.568623093Z,2.656
a0819acb55d5fbf45f066d82322419fa,64690.0,2025-12-01T13:54:47.565994898Z,2025-12-01T13:54:47.56862901Z,2.634
ae4c87025e8099fb784b2b5dadfef797,64855.0,2025-12-01T13:54:48.56598587Z,2025-12-01T13:54:48.568666389Z,2.68
671636ba0a3386b85af47d8dc96d267f,65019.99999999999,2025-12-01T13:54:49.565931369Z,2025-12-01T13:54:49.568579144Z,2.6470000000000002
8fd0597a9589ab22d8d022a9d976c019,65185.0,2025-12-01T13:54:50.565932153Z,2025-12-01T13:54:50.568400789Z,2.468
1a0f6bdf6033b60f1fcb2c232725567c,65350.0,2025-12-01T13:54:51.565940154Z,2025-12-01T13:54:51.568594737Z,2.654
5855c45b816f9549a9571b8bfd4d0a4c,65514.99999999999,2025-12-01T13:54:52.566006697Z,2025-12-01T13:54:52.5687173Z,2.71
6c445a3d8191e0fff5c79796af4f32b7,65680.0,2025-12-01T13:54:53.565986532Z,2025-12-01T13:54:53.568528737Z,2.542
60f912e1115c1f1c1fcb754fd094705c,65845.0,2025-12-01T13:54:54.565924043Z,2025-12-01T13:54:54.568403484Z,2.4789999999999996
fabc69be01eceaceca15c8a4860f6046,66010.0,2025-12-01T13:54:55.565955619Z,2025-12-01T13:54:55.568603321Z,2.6470000000000002
af25566650db7aa82ade93e4b6cfcf97,66175.0,2025-12-01T13:54:56.565990646Z,2025-12-01T13:54:56.568581043Z,2.59
271ee0ffee9b79f2bdd8bc79e2027da4,66340.0,2025-12-01T13:54:57.5659658Z,2025-12-01T13:54:57.568327691Z,2.3609999999999998
79974b4da4c5eaf67e5eb237a3fb89b4,66505.0,2025-12-01T13:54:58.566003812Z,2025-12-01T13:54:58.568896992Z,2.8930000000000002
78a748c37a7622062b25c9fb49be4cdc,66670.0,2025-12-01T13:54:59.565974407Z,2025-12-01T13:54:59.568548248Z,2.5730000000000004
3cbf6fe07d361d81de8db87ea54b9495,66835.0,2025-12-01T13:55:00.565928871Z,2025-12-01T13:55:00.568456289Z,2.527
abd9858f278bd606160da23a5bbc1c6f,67000.0,2025-12-01T13:55:01.56599441Z,2025-12-01T13:55:01.569374355Z,3.379
20ad6195dd3c1aa8453e584cd9229f8e,67165.0,2025-12-01T13:55:02.565947059Z,2025-12-01T13:55:02.568660775Z,2.713
1f4bfd9f8b7b878be1ec16f47326e9a0,67330.0,2025-12-01T13:55:03.565921622Z,2025-12-01T13:55:03.56877914Z,2.857
224c893736d23cdb41350086e68382cd,67495.0,2025-12-01T13:55:04.565988427Z,2025-12-01T13:55:04.568771669Z,2.783
ac2a523dbbdd03c7b5ed7ae7b5cc2066,67660.0,2025-12-01T13:55:05.565966891Z,2025-12-01T13:55:05.568559154Z,2.592
bc928d02be504c25dfd1d186b3585799,67825.0,2025-12-01T13:55:06.565966013Z,2025-12-01T13:55:06.568529863Z,2.563
1aa686d9e9702abf414b44a52030b46d,67990.0,2025-12-01T13:55:07.565902049Z,2025-12-01T13:55:07.568348962Z,2.4459999999999997
aa34ab752ad67c10de7bfe9ab2af1a61,68155.0,2025-12-01T13:55:08.565934828Z,2025-12-01T13:55:08.56839871Z,2.463
16f34f6eac126fa6241e3746a1235f63,68320.0,2025-12-01T13:55:09.565985828Z,2025-12-01T13:55:09.568713333Z,2.727
20a6df0aa29c0f4e60c750025e0d6603,68485.0,2025-12-01T13:55:10.565923655Z,2025-12-01T13:55:10.56842476Z,2.5010000000000003
e837f8f3fc93beaf8477cf6c5c783d32,68650.0,2025-12-01T13:55:11.56591121Z,2025-12-01T13:55:11.56836713Z,2.455
66ef5ab4c8a0a04377f9ebba98a96f9a,68815.0,2025-12-01T13:55:12.56593275Z,2025-12-01T13:55:12.568296127Z,2.363
123000a96529dbb52517cd5012cf95f2,68980.0,2025-12-01T13:55:13.566019057Z,2025-12-01T13:55:13.568479463Z,2.46
d95f8dd0237e7a01aea369fe3d1e4a5e,69145.0,2025-12-01T13:55:14.565922799Z,2025-12-01T13:55:14.568383848Z,2.4610000000000003
e3cf591ec38d02103e67be4ebd708083,69310.0,2025-12-01T13:55:15.566004627Z,2025-12-01T13:55:15.568702126Z,2.697
a4258b43d9deac999af3e34e356484f6,69475.0,2025-12-01T13:55:16.565985768Z,2025-12-01T13:55:16.568745634Z,2.7590000000000003
f472725b3cb244f3502f56bbb076596d,69640.0,2025-12-01T13:55:17.566012702Z,2025-12-01T13:55:17.568484303Z,2.471
d886c201c71d06e72b4a7cf6974276cf,69805.0,2025-12-01T13:55:18.56590717Z,2025-12-01T13:55:18.568586889Z,2.679
f44a735ab8f557c3fd374be8ab24a3db,69970.0,2025-12-01T13:55:19.56597257Z,2025-12-01T13:55:19.568509641Z,2.5370000000000004
47bf0d406c81b4ecb0d8358820e1b4a3,70135.0,2025-12-01T13:55:20.565936153Z,2025-12-01T13:55:20.568524199Z,2.588
8451d02e9e668d06f29af7f8f00a37fa,70300.0,2025-12-01T13:55:21.565960072Z,2025-12-01T13:55:21.568296312Z,2.336
02bcca50312dd30a9066f5de16eca266,70465.0,2025-12-01T13:55:22.565986788Z,2025-12-01T13:55:22.568551043Z,2.564
fb0ccbc1cd5af97cc924875e5fdb4431,70630.0,2025-12-01T13:55:23.565954139Z,2025-12-01T13:55:23.56837384Z,2.419
3fa6beffb06654300835c3165569c6b7,70795.0,2025-12-01T13:55:24.565983027Z,2025-12-01T13:55:24.568636039Z,2.653
55c3b62c1ab0c07cc0a83ba22d61595b,70960.0,2025-12-01T13:55:25.565983828Z,2025-12-01T13:55:25.568501449Z,2.5170000000000003
0be253d4ce4fef4f9632e7471ffcf497,71125.0,2025-12-01T13:55:26.566022172Z,2025-12-01T13:55:26.568656696Z,2.634
b8b076f4d344eafb4c280a783feb7210,71290.0,2025-12-01T13:55:27.565941689Z,2025-12-01T13:55:27.568365417Z,2.4229999999999996
4e22ba2255ae08479366edb71cf3c3c4,71455.0,2025-12-01T13:55:28.56594809Z,2025-12-01T13:55:28.568715399Z,2.767
3833c02c0470fbbcf896f8cc73ce6fae,71620.0,2025-12-01T13:55:29.565979695Z,2025-12-01T13:55:29.568670386Z,2.69
622bb1f44ce00d8862eaf87f2969d7d1,71785.0,2025-12-01T13:55:30.715707867Z,2025-12-01T13:55:30.871652627Z,155.944
5749227e3b7b876563d3506655380700,71950.0,2025-12-01T13:55:31.631441306Z,2025-12-01T13:55:31.728075335Z,96.634
e5cc382eb1d4f877465f295a3b67a7b1,72115.0,2025-12-01T13:55:32.566099582Z,2025-12-01T13:55:32.573112861Z,7.013
5c0c7931c5d86bfe720a87d63cefbf1a,72280.0,2025-12-01T13:55:33.566248255Z,2025-12-01T13:55:33.57548465Z,9.235999999999999
82ccfe6ccaaee92b431b24de776af988,72445.0,2025-12-01T13:55:34.566176526Z,2025-12-01T13:55:34.573479887Z,7.303
eabacc36d8d45d29c3f5673a1366ebd1,72610.0,2025-12-01T13:55:35.602306199Z,2025-12-01T13:55:35.704016711Z,101.71
4fc2310a01469b9c74530fd7c7cda322,72775.0,2025-12-01T13:55:36.677606211Z,2025-12-01T13:55:36.816498822Z,138.892
475bac6772e07653f6b514cf11b8a145,72940.0,2025-12-01T13:55:37.565972804Z,2025-12-01T13:55:37.568715235Z,2.742
4205d00960237b3a9025626963eca90c,73105.0,2025-12-01T13:55:38.566059505Z,2025-12-01T13:55:38.5698632Z,3.803
e3bb2c23f4e5f39fff00cce9792d6043,73270.0,2025-12-01T13:55:39.566336963Z,2025-12-01T13:55:39.573700483Z,7.3629999999999995
0d22ec3326771c1d3ac02f95cf034f3e,73435.0,2025-12-01T13:55:40.566179679Z,2025-12-01T13:55:40.572798989Z,6.619
03927c2bd3839e654dbe6b21b148201a,73600.0,2025-12-01T13:55:41.565960225Z,2025-12-01T13:55:41.568268104Z,2.307
1bcaa95245f6365d47462f120c1e773b,73765.0,2025-12-01T13:55:42.565937273Z,2025-12-01T13:55:42.568226048Z,2.2880000000000003
a39d3d95585875a031b3518fedef75c9,73930.0,2025-12-01T13:55:43.565994305Z,2025-12-01T13:55:43.568538207Z,2.543
bc07ebb464dac954932793d5b787723f,74095.0,2025-12-01T13:55:44.566074477Z,2025-12-01T13:55:44.584305594Z,18.231
39931849621f6a71bbb856f57b58e59f,74260.0,2025-12-01T13:55:45.566061564Z,2025-12-01T13:55:45.56881366Z,2.7520000000000002
5be633ef4a529d1b951652366fc12ea2,74425.0,2025-12-01T13:55:46.566061882Z,2025-12-01T13:55:46.57108746Z,5.025
bc8109f9ad110847a3c4472059f8e7be,74590.0,2025-12-01T13:55:47.566147708Z,2025-12-01T13:55:47.575697111Z,9.549
635619162ad5511c7d50df9fa15aa709,74755.0,2025-12-01T13:55:48.56620342Z,2025-12-01T13:55:48.574134413Z,7.93
2e7238a16ea9daf29e60af470b3cc6be,74920.0,2025-12-01T13:55:49.565929685Z,2025-12-01T13:55:49.568607752Z,2.678
789c0e2203986de814c1a573b07becd0,75085.0,2025-12-01T13:55:50.566075653Z,2025-12-01T13:55:50.571486935Z,5.411
1af67e089bf3131af9fcda2dd41a3248,75250.0,2025-12-01T13:55:51.566212999Z,2025-12-01T13:55:51.575168766Z,8.955
7de572c1986aad6199cd7db99843b18f,75415.0,2025-12-01T13:55:52.566170821Z,2025-12-01T13:55:52.576309931Z,10.139000000000001
42b9011a477c5759ffcc9c117eb3a255,75580.0,2025-12-01T13:55:53.566217761Z,2025-12-01T13:55:53.574644305Z,8.426
85bb5b7550632f2ccea7fb3aec3eeb6f,75745.0,2025-12-01T13:55:54.566355186Z,2025-12-01T13:55:54.576917644Z,10.562
d4b4b1824014702470069c8702f79a0a,75910.0,2025-12-01T13:55:55.566006114Z,2025-12-01T13:55:55.570558099Z,4.551
16bc7b8de81fda76cdd9082ff7737f79,76075.0,2025-12-01T13:55:56.56596617Z,2025-12-01T13:55:56.568790473Z,2.8240000000000003
1573e3280512fdd10d94e7a58457925c,76240.0,2025-12-01T13:55:57.567393567Z,2025-12-01T13:55:57.58328511Z,15.890999999999998
caaef3c6fcbd6f014ff563605ee3ed9c,76405.0,2025-12-01T13:55:58.56602091Z,2025-12-01T13:55:58.571722868Z,5.7010000000000005
2f0609a09bd443c74fe6932170a2a00c,76570.0,2025-12-01T13:55:59.566098067Z,2025-12-01T13:55:59.570031226Z,3.933
6ae6b8bfa85616564cbf4b4ac071e09e,76735.0,2025-12-01T13:56:00.566097252Z,2025-12-01T13:56:00.571251885Z,5.154
ed1a7b5bcba577826f5e3058a809b51e,76900.0,2025-12-01T13:56:01.566232098Z,2025-12-01T13:56:01.571880093Z,5.647
ff8997ca8f51497ca75ac71e2156fbe5,77065.0,2025-12-01T13:56:02.567247978Z,2025-12-01T13:56:02.583713107Z,16.465
c2fdb6ee0f17bd8ccf731a315d7c0cc8,77230.0,2025-12-01T13:56:03.566265152Z,2025-12-01T13:56:03.575632859Z,9.367
9db6dcc44f229900870ad1326ac5a1a6,77395.0,2025-12-01T13:56:04.566032853Z,2025-12-01T13:56:04.569051715Z,3.018
4849105588de46dfeaa8e0fa2153e0ed,77560.0,2025-12-01T13:56:05.566028719Z,2025-12-01T13:56:05.572444567Z,6.415
176ba4982cbbf0121a26a8d15f71500f,77725.0,2025-12-01T13:56:06.566064645Z,2025-12-01T13:56:06.571615096Z,5.55
b1eb2e23afc0c6cea4607dbc66561c37,77890.0,2025-12-01T13:56:07.566012661Z,2025-12-01T13:56:07.573384977Z,7.372
55ed1697573945e459533490398b0280,78055.0,2025-12-01T13:56:08.56602979Z,2025-12-01T13:56:08.569448672Z,3.418
e00cd381a256c7275aba24f0323042a2,78220.0,2025-12-01T13:56:09.566035929Z,2025-12-01T13:56:09.572036992Z,6.001
a9232d9f438851a5a6ea50b87d6794d4,78385.0,2025-12-01T13:56:10.566094904Z,2025-12-01T13:56:10.572416757Z,6.321000000000001
f86554b86ccdde4952a5682e26806084,78550.0,2025-12-01T13:56:11.56629136Z,2025-12-01T13:56:11.571024326Z,4.732
3bb6314dc329d3b66c295cf6083f2dd3,78715.0,2025-12-01T13:56:12.566035494Z,2025-12-01T13:56:12.56967713Z,3.641
40c6b29f6d09fe0f9c8f16a2bb2b1467,78880.0,2025-12-01T13:56:13.565941887Z,2025-12-01T13:56:13.568509594Z,2.5669999999999997
f9e64c5b06db1149f06c5735904430f8,79045.0,2025-12-01T13:56:14.565970581Z,2025-12-01T13:56:14.568609639Z,2.639
315b477a13b0b3df2cba7f60ea83d34e,79210.0,2025-12-01T13:56:15.566021863Z,2025-12-01T13:56:15.570270132Z,4.248
0f03d540a434aac35df5ab04132182de,79375.0,2025-12-01T13:56:16.566009925Z,2025-12-01T13:56:16.572283259Z,6.273
0f15f7e4da0049f7c7958883e179ee55,79540.0,2025-12-01T13:56:17.566032964Z,2025-12-01T13:56:17.57112461Z,5.091
44bbbf571bae962c339a0cdc91212fb7,79705.0,2025-12-01T13:56:18.566080106Z,2025-12-01T13:56:18.570673932Z,4.593
006c5cb73dad45b3d1b56903ce959ce9,79870.0,2025-12-01T13:56:19.566738548Z,2025-12-01T13:56:19.57283368Z,6.095
0cd193c195685dd1d32fc91c3ca4f5b4,80035.0,2025-12-01T13:56:20.566697201Z,2025-12-01T13:56:20.571920002Z,5.222
4eb4cd548d7d7860a240f6b4102a2870,80200.0,2025-12-01T13:56:21.566395443Z,2025-12-01T13:56:21.572280088Z,5.884
e9aff2d1a9086d932e068d348d882e05,80365.0,2025-12-01T13:56:22.565978935Z,2025-12-01T13:56:22.575325688Z,9.346
26d6980acc2bdbc0d21984394f90cd83,80530.0,2025-12-01T13:56:23.56600392Z,2025-12-01T13:56:23.572874153Z,6.87
4fc6c002c44a33924fcbdce81a9cc60a,80695.0,2025-12-01T13:56:24.566865603Z,2025-12-01T13:56:24.572387017Z,5.521
2fc7c63edec8ae442cdd628644f13efd,80860.0,2025-12-01T13:56:25.566009445Z,2025-12-01T13:56:25.577250723Z,11.241
d98c33c1ff37f61c279988be5ec16c11,81025.0,2025-12-01T13:56:26.565979852Z,2025-12-01T13:56:26.573041452Z,7.061
872945bb0aa6cb85fd028997d822b23a,81190.0,2025-12-01T13:56:27.566099039Z,2025-12-01T13:56:27.574728485Z,8.629
c77caa200ccb430692fd160506403e80,81355.0,2025-12-01T13:56:28.566020987Z,2025-12-01T13:56:28.569969239Z,3.948
eb31ff48c92cdfc485017206e1ec212a,81520.0,2025-12-01T13:56:29.565981484Z,2025-12-01T13:56:29.568572684Z,2.591
9d48031c3ba4b62d9ef02f54b401064a,81685.0,2025-12-01T13:56:30.565955732Z,2025-12-01T13:56:30.571161387Z,5.205
770dbfa17da005ec699687184040d2f2,81850.0,2025-12-01T13:56:31.566096943Z,2025-12-01T13:56:31.571584935Z,5.487
06ca81ef21493f7159c598df2fe7271c,82015.0,2025-12-01T13:56:32.566269143Z,2025-12-01T13:56:32.575072903Z,8.803
feeb7699626a9d295946d7eac8398a75,82180.0,2025-12-01T13:56:33.568694382Z,2025-12-01T13:56:33.645800243Z,77.105
a0a515f9da76aab4396f66f190b6ead3,82345.0,2025-12-01T13:56:34.566661197Z,2025-12-01T13:56:34.781590698Z,214.929
cd6e823ada26234792b3ce1e276b4b1c,82510.0,2025-12-01T13:56:35.722574119Z,2025-12-01T13:56:36.002038056Z,279.463
6cbd02d19e7f040f6879aa329c5cd13e,82675.0,2025-12-01T13:56:36.939441341Z,2025-12-01T13:56:37.060529295Z,121.087
74e778e74ef8cb51b271eae5a87c7fc8,82840.0,2025-12-01T13:56:37.829425985Z,2025-12-01T13:56:37.976673995Z,147.248
e108da61846689ae9a922a98d332517f,83005.0,2025-12-01T13:56:38.780946313Z,2025-12-01T13:56:38.900194532Z,119.248
9ddb355f1afc6a96242c220110bc8562,83170.0,2025-12-01T13:56:39.911088051Z,2025-12-01T13:56:40.086108729Z,175.02
5525b75082868b41653aefac8c5fcb27,83335.0,2025-12-01T13:56:41.024527947Z,2025-12-01T13:56:41.15067002Z,126.14200000000001
c34144a9ecf8943d0012d766007d564a,83500.0,2025-12-01T13:56:42.0943315Z,2025-12-01T13:56:42.195669547Z,101.338
7e8290049404c6237c2dded8589f4804,83665.0,2025-12-01T13:56:43.180012183Z,2025-12-01T13:56:43.242660796Z,62.647999999999996
0b8c83db4d86f9610d734366826eeff3,83830.0,2025-12-01T13:56:44.166438246Z,2025-12-01T13:56:44.230292892Z,63.85399999999999
83a72d3f836bb1da0079c69030a9474c,83995.0,2025-12-01T13:56:45.099448978Z,2025-12-01T13:56:45.228368943Z,128.919
33ec7e5b6fbc777941484fc60e114e37,84160.0,2025-12-01T13:56:46.095252357Z,2025-12-01T13:56:46.215342697Z,120.09
5488668d8edaac2a05e1e44c9abe21d1,84325.0,2025-12-01T13:56:46.981032775Z,2025-12-01T13:56:47.072810619Z,91.777
ef22f73fceb5ced23847f9a31ec223c3,84490.0,2025-12-01T13:56:48.144762148Z,2025-12-01T13:56:48.265516212Z,120.754
58b529db6303248a062fe28c602c415e,84655.0,2025-12-01T13:56:49.115800562Z,2025-12-01T13:56:49.182734265Z,66.933
ae30893c7d66c0253b962a1cba0195d6,84820.0,2025-12-01T13:56:50.037434475Z,2025-12-01T13:56:50.175363198Z,137.928
7214d44d9d99a5f92b6a5ec2c9e55a87,84985.0,2025-12-01T13:56:50.942559115Z,2025-12-01T13:56:51.05316458Z,110.60499999999999
844e0ad2dd0f83103acbf7699e687a49,85150.0,2025-12-01T13:56:51.872379314Z,2025-12-01T13:56:51.968410306Z,96.03
168f487eecf99d766c1e5f902f2b6a2a,85315.0,2025-12-01T13:56:52.761976605Z,2025-12-01T13:56:52.894996808Z,133.02
26ab7e63dcc9210251bd072c4fa49f42,85480.0,2025-12-01T13:56:53.816688827Z,2025-12-01T13:56:53.965775344Z,149.08599999999998
ad5692a499f57f4cd06992a65d8ea103,85645.0,2025-12-01T13:56:54.722036631Z,2025-12-01T13:56:54.832156344Z,110.119
e24c494ba96c65ea845010e04dd648b7,85810.0,2025-12-01T13:56:55.579916087Z,2025-12-01T13:56:55.652372136Z,72.456
cf181ec842381a759e27d648811d48b9,85975.0,2025-12-01T13:56:56.566327327Z,2025-12-01T13:56:56.573346985Z,7.019
ca1323f73b5ef99f39d36db6591e76ed,86140.0,2025-12-01T13:56:57.566087959Z,2025-12-01T13:56:57.57191657Z,5.827999999999999
ddcc919700e829b9ae329cd46ed6f0d1,86305.0,2025-12-01T13:56:58.565984267Z,2025-12-01T13:56:58.570746976Z,4.762
5ae99970b84080af94bbedda41977af6,86470.0,2025-12-01T13:56:59.566034055Z,2025-12-01T13:56:59.569134819Z,3.1
a6cfc0dccb3ad329bb24f4a1b476659c,86635.0,2025-12-01T13:57:00.634940638Z,2025-12-01T13:57:00.717136478Z,82.19500000000001
4483e20e017ecce020db5c5e6e7a6402,86800.0,2025-12-01T13:57:01.639277658Z,2025-12-01T13:57:01.757730074Z,118.452
366898ee1e748426d892e900b70f960c,86965.0,2025-12-01T13:57:02.594280855Z,2025-12-01T13:57:02.668660193Z,74.379
233b58e342cdc7e35337ea779c547555,87130.0,2025-12-01T13:57:03.567384463Z,2025-12-01T13:57:03.592938057Z,25.553
794280f689e208696535703005297b5d,87295.0,2025-12-01T13:57:04.731656029Z,2025-12-01T13:57:04.838587552Z,106.931
609a9f906aa3c061e3ebaa0c43bfe979,87460.0,2025-12-01T13:57:06.248466296Z,2025-12-01T13:57:06.421018099Z,172.55100000000002
ace13df2884efb19a4e739fcad645119,87625.0,2025-12-01T13:57:07.69216609Z,2025-12-01T13:57:07.871671928Z,179.505
78815730a61cb91ed9fe27094a8b0892,87790.0,2025-12-01T13:57:09.362651074Z,2025-12-01T13:57:09.485762218Z,123.111
40cd6adf07cde5345cb5d8ac94630c4a,87955.0,2025-12-01T13:57:10.916516933Z,2025-12-01T13:57:11.141929431Z,225.412
6d2fe3fd664ef21e7bc929c5d32f608a,88120.0,2025-12-01T13:57:12.536483662Z,2025-12-01T13:57:12.639903803Z,103.42
1a33b16e299d560f4dfcb684a123a49f,88285.0,2025-12-01T13:57:14.366437246Z,2025-12-01T13:57:14.631213267Z,264.776
ad37de2ba23d68a32e9c66fcd0550000,88450.0,2025-12-01T13:57:15.993880473Z,2025-12-01T13:57:16.10378936Z,109.908
d72472f6c094beb1c64869972bf92c08,88615.0,2025-12-01T13:57:17.803215623Z,2025-12-01T13:57:18.013986791Z,210.771
06a3aec74b59750d9ca8b69ef688550c,88780.0,2025-12-01T13:57:19.484813645Z,2025-12-01T13:57:19.580510111Z,95.696
e237b76abec2e44e36408e709ca9c6e6,88945.0,2025-12-01T13:57:20.995167571Z,2025-12-01T13:57:21.195920018Z,200.752
20b4daa5ba911facc5a730dfc2c522c7,89110.0,2025-12-01T13:57:22.697481155Z,2025-12-01T13:57:22.849731687Z,152.25
dba4017c82eb8dcd01da1aab062623c0,89275.0,2025-12-01T13:57:24.308338463Z,2025-12-01T13:57:24.451186328Z,142.847
cfb4c58f79cf13cf41e075ed31e7b61d,89440.0,2025-12-01T13:57:25.763006069Z,2025-12-01T13:57:26.183541156Z,420.53499999999997
97e45ca2c5cc4c8aa3431b9385cde097,89605.0,2025-12-01T13:57:27.496581283Z,2025-12-01T13:57:27.723957203Z,227.375
4b4c686e70037ffe234f834a64792ec0,89770.0,2025-12-01T13:57:29.036838945Z,2025-12-01T13:57:29.305351886Z,268.512
12b08a03363e910bc769e5c67adc6e31,89935.0,2025-12-01T13:57:30.680734123Z,2025-12-01T13:57:30.817323074Z,136.588
e8904d570e2015f6ba377fb81a6d66c6,90100.0,2025-12-01T13:57:32.307759319Z,2025-12-01T13:57:32.451458639Z,143.69899999999998
d14a19456d8669ba4f6292a2f3f9f5f8,90265.0,2025-12-01T13:57:33.748238832Z,2025-12-01T13:57:33.915655344Z,167.416
2721eb1814f727018e66bbd392f2c21b,90430.0,2025-12-01T13:57:35.26141294Z,2025-12-01T13:57:35.43617491Z,174.761
6103c0b55aced7338ad5c78121d23fc2,90595.0,2025-12-01T13:57:37.185583702Z,2025-12-01T13:57:37.426161048Z,240.57700000000003
f9ffa1783886b75653b4ab64cb56f624,90760.0,2025-12-01T13:57:38.894495799Z,2025-12-01T13:57:39.01706581Z,122.57
29d905dc082323e14d6296d804cba2d3,90925.0,2025-12-01T13:57:40.733438961Z,2025-12-01T13:57:40.897972468Z,164.53300000000002
26b2534726dec6b388f90107ce1f7001,91090.0,2025-12-01T13:57:42.284320711Z,2025-12-01T13:57:42.433723467Z,149.40200000000002
e043f79b8b02f70907cd792b57084964,91255.0,2025-12-01T13:57:43.522325458Z,2025-12-01T13:57:43.742244782Z,219.919
f8eafa832de267e678c7ac80ab9f98cb,91420.0,2025-12-01T13:57:44.877702944Z,2025-12-01T13:57:45.00233474Z,124.631
034f76db8f6cdb861c0f1e1f184ff488,91585.0,2025-12-01T13:57:46.466202673Z,2025-12-01T13:57:46.631025545Z,164.822
e01cbea9974916ebe2be25d81771f177,91750.0,2025-12-01T13:57:47.913647837Z,2025-12-01T13:57:48.126239673Z,212.591
17398a0305854ca9f1bb59c07a4aab1b,91915.0,2025-12-01T13:57:49.427296178Z,2025-12-01T13:57:49.528365127Z,101.06800000000001
35876fc2e2232103f1b30fce74993bbb,92080.0,2025-12-01T13:57:50.960049637Z,2025-12-01T13:57:51.111143124Z,151.09300000000002
1afc2b51b5ff70b0c47149c1b7ae837b,92245.0,2025-12-01T13:57:52.278222941Z,2025-12-01T13:57:52.45143096Z,173.208
c589f0de70cd937d454d13a57d9f7036,92410.0,2025-12-01T13:57:53.736408927Z,2025-12-01T13:57:53.925964745Z,189.555
33bc38f21f7533a18b9a37725b887644,92575.0,2025-12-01T13:57:55.210193213Z,2025-12-01T13:57:55.434306452Z,224.113
7ada8d8b22a71f1772d0bd70534fc117,92740.0,2025-12-01T13:57:56.663046134Z,2025-12-01T13:57:56.781190348Z,118.144
efba051c134dfabb635d1964257b7a85,92905.0,2025-12-01T13:57:58.108360004Z,2025-12-01T13:57:58.273617274Z,165.25699999999998
588b17d1736c2ba7f6a4e64ffd297adf,93070.0,2025-12-01T13:57:59.585593477Z,2025-12-01T13:57:59.754297022Z,168.703
9c1c39b2a7556a39685b6a8bc453fc5a,93235.0,2025-12-01T13:58:00.835755661Z,2025-12-01T13:58:00.955935646Z,120.17899999999999
843527e308c7c4dc988cbd9e98f5e1a2,93400.0,2025-12-01T13:58:02.227366428Z,2025-12-01T13:58:02.462801053Z,235.434
8200d4d7c6663b95dd3fea89041f055a,93565.0,2025-12-01T13:58:03.689835763Z,2025-12-01T13:58:03.899503811Z,209.668
e15ea8f0ca7a7522987361c9856ee1ec,93730.0,2025-12-01T13:58:05.180506526Z,2025-12-01T13:58:05.306359388Z,125.85199999999999
1a1a15ed66f8f1db903c69b691f0acb3,93895.0,2025-12-01T13:58:06.700211471Z,2025-12-01T13:58:06.833968708Z,133.75699999999998
f51bb054620d697b7e726bce53bd5a08,94060.0,2025-12-01T13:58:08.254092904Z,2025-12-01T13:58:08.375968993Z,121.876
b22410cbe985b14c2e85247ffa708f77,94225.0,2025-12-01T13:58:09.565625257Z,2025-12-01T13:58:09.661590579Z,95.96499999999999
7eb5944058990be33858e399f532c7ff,94390.0,2025-12-01T13:58:10.896378819Z,2025-12-01T13:58:11.027971385Z,131.59199999999998
1ed7c45c4d89ca01c8362e62ff6842d9,94555.0,2025-12-01T13:58:12.420685891Z,2025-12-01T13:58:12.572543107Z,151.857
5d416c5d6792906c24d446f7e5b8ffc6,94720.0,2025-12-01T13:58:13.9477326Z,2025-12-01T13:58:14.083068984Z,135.336
d02de175afc07010511865bdb67a945f,94885.0,2025-12-01T13:58:15.534269692Z,2025-12-01T13:58:15.732648841Z,198.379
37ff97b28a0c7452b21e6a3831872a42,95050.0,2025-12-01T13:58:17.07253518Z,2025-12-01T13:58:17.269478992Z,196.943
ca11844a874e671831201d4fb7605bcb,95215.0,2025-12-01T13:58:18.547503069Z,2025-12-01T13:58:18.677766526Z,130.26299999999998
9a457e359d64f3d830023289b47f6c1a,95380.0,2025-12-01T13:58:19.860564755Z,2025-12-01T13:58:20.047590145Z,187.025
542809a417dd449eac6054226084b0c0,95545.0,2025-12-01T13:58:21.342302179Z,2025-12-01T13:58:21.509467169Z,167.16400000000002
ed7d111505ecf42a1b652baec83208e5,95710.0,2025-12-01T13:58:22.906329507Z,2025-12-01T13:58:23.084879303Z,178.549
fd7e707d2325c97fb65a66cbc9798e96,95875.0,2025-12-01T13:58:24.362754747Z,2025-12-01T13:58:24.555249802Z,192.495
3085aeb18d79fadd5eaa4b3ac52193ea,96040.0,2025-12-01T13:58:25.516888624Z,2025-12-01T13:58:25.605879325Z,88.99
e7d84a8a76666e250b70378c7249f3c1,96205.0,2025-12-01T13:58:26.633791304Z,2025-12-01T13:58:26.734841121Z,101.049
f76b5bf2d00d2ca01a02a23907c2217f,96370.0,2025-12-01T13:58:27.627857668Z,2025-12-01T13:58:27.718255517Z,90.397
c0eee512838aa636e5e31edac7d646ff,96535.0,2025-12-01T13:58:28.65552793Z,2025-12-01T13:58:28.736649222Z,81.121
5bbdbecbb0a529859be4f790da97e8b1,96700.0,2025-12-01T13:58:29.619313379Z,2025-12-01T13:58:29.691805229Z,72.491
9e2324d64ddaaa6a26466acbe2d3bfc7,96865.0,2025-12-01T13:58:30.606548602Z,2025-12-01T13:58:30.663835886Z,57.287
5f0d7c88170ff49732771f79620b8b15,97030.0,2025-12-01T13:58:31.566911032Z,2025-12-01T13:58:31.612626526Z,45.714999999999996
d77aabefdd4ed9daf22afd1976a72e10,97195.0,2025-12-01T13:58:32.601022409Z,2025-12-01T13:58:32.72148491Z,120.462
07170a14c35fadf219207531c48fd2b2,97360.0,2025-12-01T13:58:33.554977464Z,2025-12-01T13:58:33.665192006Z,110.21400000000001
917bc9828cf65c85991511e502eb0d8b,97525.0,2025-12-01T13:58:34.511558948Z,2025-12-01T13:58:34.606033569Z,94.474
5d7829452d1355eae104ca1c8c3c60f1,97690.0,2025-12-01T13:58:35.467294215Z,2025-12-01T13:58:35.55658938Z,89.295
94ef2d3239d596fed864ef30a540e5d5,97855.0,2025-12-01T13:58:36.422597901Z,2025-12-01T13:58:36.488884856Z,66.286
bdeaa280379d7d17779a22ff80099402,98020.0,2025-12-01T13:58:37.459017465Z,2025-12-01T13:58:37.506571061Z,47.553
605cdcc515df2c48f7746769c33e3ddf,98185.0,2025-12-01T13:58:38.453080077Z,2025-12-01T13:58:38.57899711Z,125.917
d87752378a532ecd41ace1ec8764a481,98350.0,2025-12-01T13:58:39.447337137Z,2025-12-01T13:58:39.555147045Z,107.809
0e2109d373ccf7112834daee8d80ab97,98515.0,2025-12-01T13:58:40.45748678Z,2025-12-01T13:58:40.540452989Z,82.966
e47b216148a522109957aa81d5f5b6fb,98680.0,2025-12-01T13:58:41.458345494Z,2025-12-01T13:58:41.514672044Z,56.326
187ba3e955f9ba55123175eec312955e,98845.0,2025-12-01T13:58:42.444220208Z,2025-12-01T13:58:42.574698653Z,130.478
ed88ba223df4ae36e2328fc6526b02ab,99010.0,2025-12-01T13:58:43.464244808Z,2025-12-01T13:58:43.568958605Z,104.713
d0c4b210c62e391cc16c220959bf9744,99175.0,2025-12-01T13:58:44.487685183Z,2025-12-01T13:58:44.569773315Z,82.088
7b82f8fed003795cf283c0c2cc545873,99340.0,2025-12-01T13:58:45.455711711Z,2025-12-01T13:58:45.506838386Z,51.126
5ea9c4f8529e98eff03632209b915cbd,99505.0,2025-12-01T13:58:46.600244289Z,2025-12-01T13:58:46.738793194Z,138.548
137e7ce4306b3eb7b850cbb109107285,99670.0,2025-12-01T13:58:47.511364193Z,2025-12-01T13:58:47.580180948Z,68.816
073bda262d7ee67c268dbf456b9eae41,99835.0,2025-12-01T13:58:48.436353774Z,2025-12-01T13:58:48.48860471Z,52.25
